# time_s,loadcell_V,current_V
0.000000,0.089872,2.502889
0.001000,0.089501,2.532857
0.002000,0.087129,2.504717
0.003000,0.088476,2.504773
0.004000,0.083016,2.507972
0.005000,0.089122,2.514759
0.006000,0.089271,2.521862
0.007000,0.089239,2.524032
0.008000,0.095435,2.513624
0.009000,0.093210,2.533268
0.010000,0.090049,2.520320
0.011000,0.088751,2.505645
0.012000,0.091854,2.521141
0.013000,0.092386,2.512449
0.014000,0.086556,2.553356
0.015000,0.085823,2.536564
0.016000,0.090394,2.514101
0.017000,0.094487,2.521738
0.018000,0.090456,2.530591
0.019000,0.091223,2.514054
0.020000,0.087707,2.502783
0.021000,0.086667,2.533798
0.022000,0.086609,2.522083
0.023000,0.083678,2.517644
0.024000,0.086111,2.526316
0.025000,0.086472,2.495225
0.026000,0.090736,2.532966
0.027000,0.083351,2.516374
0.028000,0.090293,2.529098
0.029000,0.097427,2.512762
0.030000,0.087714,2.514488
0.031000,0.088429,2.493195
0.032000,0.083673,2.522200
0.033000,0.094137,2.511617
0.034000,0.091447,2.523191
0.035000,0.088119,2.496068
0.036000,0.083495,2.527429
0.037000,0.089214,2.531358
0.038000,0.094584,2.527487
0.039000,0.084816,2.482400
0.040000,0.093221,2.509935
0.041000,0.086840,2.497153
0.042000,0.088060,2.516426
0.043000,0.088236,2.496534
0.044000,0.087761,2.515399
0.045000,0.087757,2.494502
0.046000,0.089880,2.522578
0.047000,0.085224,2.522404
0.048000,0.088340,2.512014
0.049000,0.085510,2.494024
0.050000,0.090463,2.491632
0.051000,0.085555,2.531342
0.052000,0.088954,2.510461
0.053000,0.089719,2.558244
0.054000,0.083944,2.531847
0.055000,0.090274,2.494219
0.056000,0.089164,2.521937
0.057000,0.085648,2.539677
0.058000,0.093982,2.510855
0.059000,0.088425,2.524029
0.060000,0.088815,2.521354
0.061000,0.093752,2.536649
0.062000,0.091377,2.518851
0.063000,0.088703,2.510513
0.064000,0.090260,2.503169
0.065000,0.090700,2.509097
0.066000,0.087803,2.486027
0.067000,0.092009,2.519795
0.068000,0.085095,2.510223
0.069000,0.090334,2.510267
0.070000,0.093077,2.510339
0.071000,0.091852,2.534059
0.072000,0.093324,2.521974
0.073000,0.091242,2.533728
0.074000,0.091469,2.546786
0.075000,0.091643,2.535667
0.076000,0.087373,2.513477
0.077000,0.085344,2.509275
0.078000,0.087411,2.533079
0.079000,0.092310,2.516427
0.080000,0.091443,2.494718
0.081000,0.089203,2.522698
0.082000,0.083553,2.512729
0.083000,0.089277,2.511873
0.084000,0.089087,2.529418
0.085000,0.088283,2.538223
0.086000,0.085521,2.487002
0.087000,0.094855,2.509803
0.088000,0.088435,2.526234
0.089000,0.089119,2.499030
0.090000,0.088119,2.531061
0.091000,0.087445,2.519250
0.092000,0.087512,2.540123
0.093000,0.090107,2.519935
0.094000,0.089764,2.502847
0.095000,0.087360,2.516052
0.096000,0.087634,2.516924
0.097000,0.089887,2.538552
0.098000,0.090785,2.509241
0.099000,0.086585,2.525096
0.100000,0.090030,2.526407
0.101000,0.091040,2.527815
0.102000,0.087421,2.529513
0.103000,0.088675,2.523410
0.104000,0.082696,2.522960
0.105000,0.091602,2.505230
0.106000,0.085411,2.544404
0.107000,0.091643,2.497202
0.108000,0.089801,2.501006
0.109000,0.084105,2.515680
0.110000,0.086478,2.508425
0.111000,0.083521,2.541250
0.112000,0.088403,2.514632
0.113000,0.087269,2.535015
0.114000,0.088611,2.532602
0.115000,0.086994,2.537822
0.116000,0.089945,2.517505
0.117000,0.082334,2.533199
0.118000,0.088254,2.516938
0.119000,0.091576,2.526488
0.120000,0.088778,2.515933
0.121000,0.091504,2.529886
0.122000,0.089699,2.525668
0.123000,0.093515,2.556677
0.124000,0.093230,2.531518
0.125000,0.092859,2.532813
0.126000,0.088349,2.505315
0.127000,0.089424,2.483042
0.128000,0.089098,2.532829
0.129000,0.087711,2.511905
0.130000,0.090149,2.511584
0.131000,0.088682,2.507728
0.132000,0.087950,2.543286
0.133000,0.086313,2.500475
0.134000,0.091062,2.516986
0.135000,0.087094,2.482067
0.136000,0.087546,2.523565
0.137000,0.088350,2.528154
0.138000,0.092962,2.516657
0.139000,0.089687,2.499797
0.140000,0.096019,2.523623
0.141000,0.091160,2.523316
0.142000,0.092475,2.489579
0.143000,0.088271,2.518457
0.144000,0.082189,2.521803
0.145000,0.095103,2.538207
0.146000,0.088717,2.538788
0.147000,0.087778,2.537866
0.148000,0.088572,2.542815
0.149000,0.090312,2.503035
0.150000,0.088412,2.502465
0.151000,0.089262,2.533709
0.152000,0.085744,2.502904
0.153000,0.087533,2.517327
0.154000,0.089605,2.501174
0.155000,0.088124,2.483880
0.156000,0.092043,2.550968
0.157000,0.090390,2.525883
0.158000,0.088340,2.503742
0.159000,0.089984,2.523672
0.160000,0.088529,2.523455
0.161000,0.089077,2.474779
0.162000,0.087955,2.544259
0.163000,0.089652,2.507391
0.164000,0.090028,2.510163
0.165000,0.090599,2.528483
0.166000,0.087322,2.489512
0.167000,0.091632,2.539645
0.168000,0.095418,2.534790
0.169000,0.087726,2.504474
0.170000,0.090475,2.516667
0.171000,0.088030,2.520110
0.172000,0.091266,2.542843
0.173000,0.089029,2.502864
0.174000,0.089249,2.517958
0.175000,0.086313,2.498023
0.176000,0.089688,2.512637
0.177000,0.094312,2.481813
0.178000,0.089460,2.474330
0.179000,0.088696,2.496915
0.180000,0.087127,2.510530
0.181000,0.086134,2.538869
0.182000,0.089531,2.493729
0.183000,0.085286,2.502423
0.184000,0.092944,2.533824
0.185000,0.092414,2.510476
0.186000,0.089380,2.528988
0.187000,0.086021,2.514341
0.188000,0.083378,2.541230
0.189000,0.091255,2.507415
0.190000,0.094716,2.516364
0.191000,0.086795,2.508620
0.192000,0.086678,2.522840
0.193000,0.089537,2.540641
0.194000,0.092799,2.540845
0.195000,0.095004,2.500316
0.196000,0.087401,2.502939
0.197000,0.088513,2.523518
0.198000,0.087120,2.495269
0.199000,0.089007,2.541573
0.200000,0.092447,2.496493
0.201000,0.088895,2.514738
0.202000,0.091038,2.553732
0.203000,0.088083,2.504930
0.204000,0.092735,2.525062
0.205000,0.092131,2.543457
0.206000,0.089774,2.530777
0.207000,0.086511,2.520496
0.208000,0.095196,2.513326
0.209000,0.085746,2.502682
0.210000,0.093180,2.491705
0.211000,0.089203,2.528430
0.212000,0.086099,2.541892
0.213000,0.083685,2.541177
0.214000,0.084400,2.560971
0.215000,0.090044,2.528938
0.216000,0.087481,2.523605
0.217000,0.088739,2.524816
0.218000,0.087922,2.518254
0.219000,0.086395,2.496154
0.220000,0.085217,2.532844
0.221000,0.093083,2.524584
0.222000,0.091635,2.502456
0.223000,0.090857,2.513327
0.224000,0.090957,2.530293
0.225000,0.087508,2.522773
0.226000,0.087827,2.529751
0.227000,0.090935,2.534785
0.228000,0.089195,2.516494
0.229000,0.088075,2.524928
0.230000,0.088935,2.512317
0.231000,0.087906,2.534204
0.232000,0.090083,2.529113
0.233000,0.090027,2.517952
0.234000,0.093135,2.516556
0.235000,0.086909,2.523106
0.236000,0.089593,2.498202
0.237000,0.084981,2.506571
0.238000,0.088143,2.497751
0.239000,0.092009,2.490415
0.240000,0.086265,2.503026
0.241000,0.092654,2.504773
0.242000,0.092182,2.502952
0.243000,0.094075,2.545005
0.244000,0.086991,2.521881
0.245000,0.096155,2.507370
0.246000,0.087128,2.509853
0.247000,0.089848,2.506735
0.248000,0.088494,2.517209
0.249000,0.088761,2.518803
0.250000,0.088278,2.540564
0.251000,0.093232,2.492119
0.252000,0.086860,2.529996
0.253000,0.090791,2.494159
0.254000,0.088441,2.538692
0.255000,0.090995,2.523288
0.256000,0.086797,2.514170
0.257000,0.090250,2.525262
0.258000,0.087254,2.511235
0.259000,0.083623,2.536490
0.260000,0.092091,2.505093
0.261000,0.088713,2.516069
0.262000,0.087182,2.530368
0.263000,0.089050,2.547718
0.264000,0.089379,2.494507
0.265000,0.090549,2.529317
0.266000,0.089316,2.504554
0.267000,0.086827,2.528018
0.268000,0.086686,2.511582
0.269000,0.089404,2.540115
0.270000,0.089165,2.489755
0.271000,0.084296,2.520692
0.272000,0.093273,2.535520
0.273000,0.084471,2.537351
0.274000,0.087458,2.524959
0.275000,0.086540,2.522476
0.276000,0.093930,2.527666
0.277000,0.092556,2.518602
0.278000,0.090182,2.505810
0.279000,0.090345,2.513817
0.280000,0.088454,2.508716
0.281000,0.086916,2.519923
0.282000,0.085808,2.524090
0.283000,0.092746,2.528603
0.284000,0.090611,2.524249
0.285000,0.090789,2.500625
0.286000,0.083840,2.520261
0.287000,0.091136,2.515538
0.288000,0.085731,2.496005
0.289000,0.091863,2.543684
0.290000,0.090752,2.561739
0.291000,0.087469,2.534017
0.292000,0.090879,2.526178
0.293000,0.089442,2.526748
0.294000,0.084047,2.518517
0.295000,0.091195,2.546111
0.296000,0.087354,2.544033
0.297000,0.092524,2.517860
0.298000,0.087213,2.492913
0.299000,0.084534,2.522782
0.300000,0.094014,2.542506
0.301000,0.089181,2.551166
0.302000,0.086966,2.509402
0.303000,0.087673,2.528168
0.304000,0.090599,2.528580
0.305000,0.089009,2.532503
0.306000,0.090976,2.528742
0.307000,0.089208,2.507807
0.308000,0.092790,2.524703
0.309000,0.090011,2.538097
0.310000,0.088504,2.536241
0.311000,0.091865,2.527827
0.312000,0.091669,2.538418
0.313000,0.084605,2.508354
0.314000,0.090165,2.559844
0.315000,0.088499,2.517643
0.316000,0.085667,2.504050
0.317000,0.092344,2.506914
0.318000,0.089043,2.534924
0.319000,0.088418,2.524159
0.320000,0.089517,2.521371
0.321000,0.089096,2.493938
0.322000,0.086382,2.510850
0.323000,0.087609,2.521792
0.324000,0.089451,2.538150
0.325000,0.086505,2.538702
0.326000,0.089236,2.539220
0.327000,0.087204,2.501010
0.328000,0.090467,2.500572
0.329000,0.092317,2.531990
0.330000,0.089464,2.526834
0.331000,0.084989,2.515866
0.332000,0.092102,2.547100
0.333000,0.091477,2.526571
0.334000,0.085570,2.529183
0.335000,0.093530,2.517474
0.336000,0.088215,2.527655
0.337000,0.088385,2.500194
0.338000,0.096170,2.501161
0.339000,0.089108,2.516646
0.340000,0.090650,2.514341
0.341000,0.089344,2.518633
0.342000,0.090911,2.502192
0.343000,0.085421,2.530200
0.344000,0.086202,2.544023
0.345000,0.087405,2.547456
0.346000,0.086788,2.526198
0.347000,0.083916,2.493372
0.348000,0.086161,2.519798
0.349000,0.088294,2.523724
0.350000,0.092813,2.515110
0.351000,0.087053,2.516694
0.352000,0.089347,2.504343
0.353000,0.086707,2.504925
0.354000,0.090666,2.517348
0.355000,0.082002,2.512211
0.356000,0.091659,2.540804
0.357000,0.086973,2.498919
0.358000,0.092833,2.534163
0.359000,0.093193,2.537452
0.360000,0.091334,2.512989
0.361000,0.092302,2.521148
0.362000,0.091539,2.504958
0.363000,0.091499,2.523252
0.364000,0.089030,2.563017
0.365000,0.089640,2.510607
0.366000,0.088633,2.528038
0.367000,0.088283,2.518305
0.368000,0.087930,2.503104
0.369000,0.087885,2.517052
0.370000,0.087065,2.525122
0.371000,0.091311,2.510508
0.372000,0.085317,2.527763
0.373000,0.093255,2.514856
0.374000,0.086528,2.512933
0.375000,0.090907,2.523852
0.376000,0.086906,2.535556
0.377000,0.090709,2.544791
0.378000,0.089547,2.522286
0.379000,0.086945,2.537848
0.380000,0.083973,2.519171
0.381000,0.087975,2.535483
0.382000,0.090101,2.528192
0.383000,0.089161,2.520185
0.384000,0.088368,2.525756
0.385000,0.086160,2.525836
0.386000,0.087248,2.539337
0.387000,0.092051,2.528642
0.388000,0.088824,2.517044
0.389000,0.085923,2.530090
0.390000,0.086227,2.508142
0.391000,0.091540,2.537197
0.392000,0.091919,2.508163
0.393000,0.088999,2.493445
0.394000,0.089407,2.514965
0.395000,0.089805,2.521634
0.396000,0.092773,2.526223
0.397000,0.093940,2.523762
0.398000,0.084229,2.537937
0.399000,0.087351,2.510169
0.400000,0.088288,2.526896
0.401000,0.090657,2.525325
0.402000,0.087168,2.519739
0.403000,0.091459,2.514946
0.404000,0.090767,2.534007
0.405000,0.088448,2.527553
0.406000,0.091502,2.532069
0.407000,0.091153,2.510429
0.408000,0.085815,2.531576
0.409000,0.094536,2.506357
0.410000,0.090559,2.528116
0.411000,0.091483,2.537714
0.412000,0.093012,2.527006
0.413000,0.085592,2.528253
0.414000,0.086209,2.504164
0.415000,0.090403,2.529655
0.416000,0.087560,2.500986
0.417000,0.088168,2.525970
0.418000,0.085238,2.517243
0.419000,0.089683,2.524987
0.420000,0.086262,2.519169
0.421000,0.092697,2.529744
0.422000,0.088213,2.544704
0.423000,0.094510,2.509799
0.424000,0.089088,2.544452
0.425000,0.089950,2.518779
0.426000,0.091995,2.527357
0.427000,0.088564,2.529405
0.428000,0.093620,2.518250
0.429000,0.090047,2.506991
0.430000,0.090673,2.526395
0.431000,0.089328,2.530878
0.432000,0.091783,2.522197
0.433000,0.089498,2.519269
0.434000,0.088088,2.503843
0.435000,0.087590,2.528336
0.436000,0.090321,2.520348
0.437000,0.089074,2.509054
0.438000,0.088100,2.491068
0.439000,0.087742,2.523250
0.440000,0.089109,2.532022
0.441000,0.090761,2.508368
0.442000,0.086360,2.547160
0.443000,0.091172,2.546916
0.444000,0.093877,2.517453
0.445000,0.085889,2.526015
0.446000,0.091792,2.527243
0.447000,0.085929,2.539554
0.448000,0.093097,2.503346
0.449000,0.098087,2.532058
0.450000,0.095643,2.518180
0.451000,0.087050,2.531946
0.452000,0.097846,2.552749
0.453000,0.092188,2.516609
0.454000,0.085689,2.515970
0.455000,0.085993,2.525289
0.456000,0.091890,2.537396
0.457000,0.088136,2.527331
0.458000,0.089657,2.538022
0.459000,0.087723,2.495562
0.460000,0.090200,2.495479
0.461000,0.090795,2.540881
0.462000,0.089421,2.524784
0.463000,0.087348,2.517297
0.464000,0.089776,2.527271
0.465000,0.087689,2.501995
0.466000,0.088369,2.522104
0.467000,0.090274,2.520822
0.468000,0.092111,2.541439
0.469000,0.090368,2.521060
0.470000,0.091195,2.511045
0.471000,0.091890,2.503659
0.472000,0.087571,2.504216
0.473000,0.087252,2.509291
0.474000,0.079730,2.504917
0.475000,0.094838,2.517965
0.476000,0.089998,2.528836
0.477000,0.090922,2.531283
0.478000,0.088835,2.508985
0.479000,0.093660,2.522711
0.480000,0.089106,2.517995
0.481000,0.095504,2.507623
0.482000,0.088495,2.544393
0.483000,0.088836,2.527844
0.484000,0.081909,2.510325
0.485000,0.087360,2.510610
0.486000,0.091886,2.513056
0.487000,0.089878,2.520681
0.488000,0.094373,2.544216
0.489000,0.097483,2.512459
0.490000,0.092817,2.498285
0.491000,0.088341,2.522687
0.492000,0.085885,2.515048
0.493000,0.086490,2.536090
0.494000,0.089492,2.499018
0.495000,0.093248,2.510906
0.496000,0.090153,2.514122
0.497000,0.088191,2.479193
0.498000,0.086268,2.511741
0.499000,0.088945,2.543490
0.500000,0.089390,2.528990
0.501000,0.087977,2.526240
0.502000,0.086974,2.503058
0.503000,0.088661,2.509883
0.504000,0.091021,2.506943
0.505000,0.094006,2.499669
0.506000,0.092958,2.541405
0.507000,0.090235,2.523909
0.508000,0.087387,2.517886
0.509000,0.090722,2.520033
0.510000,0.094107,2.515341
0.511000,0.090995,2.521247
0.512000,0.093424,2.508772
0.513000,0.091733,2.523676
0.514000,0.088578,2.528564
0.515000,0.088849,2.507394
0.516000,0.091580,2.500541
0.517000,0.093766,2.522454
0.518000,0.087817,2.512020
0.519000,0.088828,2.513282
0.520000,0.084772,2.537420
0.521000,0.088993,2.519749
0.522000,0.086774,2.536780
0.523000,0.090692,2.513882
0.524000,0.087541,2.494122
0.525000,0.091146,2.535424
0.526000,0.090113,2.515810
0.527000,0.085238,2.500690
0.528000,0.087142,2.497787
0.529000,0.083389,2.521562
0.530000,0.087783,2.538346
0.531000,0.091184,2.521335
0.532000,0.094263,2.529522
0.533000,0.091608,2.504655
0.534000,0.086925,2.539429
0.535000,0.085657,2.526784
0.536000,0.086691,2.507338
0.537000,0.088277,2.518522
0.538000,0.089368,2.520089
0.539000,0.090274,2.520617
0.540000,0.088097,2.527383
0.541000,0.087460,2.509183
0.542000,0.087343,2.515843
0.543000,0.084376,2.521531
0.544000,0.091136,2.522984
0.545000,0.089123,2.538770
0.546000,0.094189,2.524103
0.547000,0.090767,2.532974
0.548000,0.091421,2.497173
0.549000,0.094294,2.523502
0.550000,0.097259,2.529918
0.551000,0.085881,2.544981
0.552000,0.084444,2.529495
0.553000,0.087671,2.537967
0.554000,0.088284,2.535157
0.555000,0.092109,2.529902
0.556000,0.092257,2.526598
0.557000,0.092480,2.509967
0.558000,0.090394,2.527808
0.559000,0.086563,2.523775
0.560000,0.089050,2.538185
0.561000,0.089605,2.518922
0.562000,0.085913,2.500598
0.563000,0.097599,2.540668
0.564000,0.079823,2.540741
0.565000,0.089427,2.523521
0.566000,0.090324,2.536276
0.567000,0.090500,2.547565
0.568000,0.086477,2.537579
0.569000,0.094960,2.519227
0.570000,0.091495,2.492927
0.571000,0.088230,2.550570
0.572000,0.089069,2.518877
0.573000,0.089290,2.543871
0.574000,0.090454,2.509993
0.575000,0.087862,2.521480
0.576000,0.088305,2.531875
0.577000,0.084641,2.535947
0.578000,0.089532,2.520384
0.579000,0.095919,2.524874
0.580000,0.091131,2.531285
0.581000,0.091960,2.517580
0.582000,0.087037,2.537752
0.583000,0.092712,2.527246
0.584000,0.087932,2.527674
0.585000,0.093353,2.517898
0.586000,0.083683,2.484626
0.587000,0.089364,2.490755
0.588000,0.087512,2.526534
0.589000,0.087899,2.495984
0.590000,0.090877,2.542832
0.591000,0.092348,2.543914
0.592000,0.091130,2.524159
0.593000,0.087008,2.537438
0.594000,0.081944,2.532711
0.595000,0.088768,2.509996
0.596000,0.086337,2.527053
0.597000,0.092189,2.524251
0.598000,0.089636,2.514021
0.599000,0.089000,2.514939
0.600000,0.088438,2.523843
0.601000,0.083473,2.517671
0.602000,0.090143,2.544711
0.603000,0.090208,2.528438
0.604000,0.087712,2.517381
0.605000,0.094090,2.509485
0.606000,0.095300,2.510061
0.607000,0.087857,2.522256
0.608000,0.088813,2.518074
0.609000,0.088119,2.531955
0.610000,0.086584,2.500221
0.611000,0.090859,2.523113
0.612000,0.086785,2.496228
0.613000,0.086685,2.524813
0.614000,0.095110,2.543682
0.615000,0.087910,2.524876
0.616000,0.087873,2.504632
0.617000,0.084052,2.503546
0.618000,0.083647,2.521493
0.619000,0.086622,2.519665
0.620000,0.085842,2.504004
0.621000,0.088305,2.525973
0.622000,0.088501,2.499924
0.623000,0.094299,2.517006
0.624000,0.086691,2.522702
0.625000,0.087832,2.509161
0.626000,0.087473,2.530853
0.627000,0.088227,2.522824
0.628000,0.089876,2.530774
0.629000,0.085490,2.501332
0.630000,0.086711,2.527235
0.631000,0.089636,2.526019
0.632000,0.089566,2.510577
0.633000,0.086684,2.558646
0.634000,0.091009,2.516948
0.635000,0.090037,2.507508
0.636000,0.092043,2.543193
0.637000,0.089371,2.521215
0.638000,0.093559,2.524761
0.639000,0.087650,2.516209
0.640000,0.090390,2.501079
0.641000,0.088627,2.514541
0.642000,0.087326,2.525866
0.643000,0.086997,2.505557
0.644000,0.088997,2.527156
0.645000,0.087309,2.504783
0.646000,0.091418,2.511063
0.647000,0.089180,2.508598
0.648000,0.086119,2.519499
0.649000,0.096062,2.532821
0.650000,0.092700,2.537562
0.651000,0.087139,2.526727
0.652000,0.088612,2.525594
0.653000,0.094585,2.507035
0.654000,0.089659,2.517536
0.655000,0.095315,2.530861
0.656000,0.087476,2.540744
0.657000,0.093190,2.536513
0.658000,0.088280,2.519570
0.659000,0.088500,2.530249
0.660000,0.092006,2.515264
0.661000,0.086864,2.525430
0.662000,0.088845,2.515227
0.663000,0.087632,2.483833
0.664000,0.084913,2.518206
0.665000,0.090891,2.536736
0.666000,0.092146,2.530018
0.667000,0.089224,2.522285
0.668000,0.089179,2.528653
0.669000,0.092819,2.502863
0.670000,0.088968,2.525750
0.671000,0.085672,2.492497
0.672000,0.087084,2.512846
0.673000,0.089107,2.547549
0.674000,0.086599,2.543162
0.675000,0.080950,2.488070
0.676000,0.089849,2.527192
0.677000,0.086380,2.506187
0.678000,0.087344,2.503527
0.679000,0.089881,2.536322
0.680000,0.082145,2.520328
0.681000,0.089711,2.515851
0.682000,0.086898,2.537341
0.683000,0.086691,2.534192
0.684000,0.087795,2.508399
0.685000,0.089509,2.522937
0.686000,0.090102,2.537540
0.687000,0.091671,2.517481
0.688000,0.091590,2.528362
0.689000,0.095352,2.501019
0.690000,0.093428,2.536299
0.691000,0.089541,2.536795
0.692000,0.088079,2.506149
0.693000,0.090491,2.538548
0.694000,0.086484,2.534882
0.695000,0.088644,2.519888
0.696000,0.090495,2.534935
0.697000,0.091609,2.515218
0.698000,0.090466,2.522929
0.699000,0.089761,2.524275
0.700000,0.088402,2.490890
0.701000,0.094078,2.514840
0.702000,0.084941,2.503299
0.703000,0.090731,2.520972
0.704000,0.090087,2.513503
0.705000,0.091226,2.533003
0.706000,0.092592,2.508524
0.707000,0.094657,2.510660
0.708000,0.085642,2.511717
0.709000,0.090104,2.539890
0.710000,0.093783,2.536375
0.711000,0.087764,2.536701
0.712000,0.088531,2.510998
0.713000,0.085327,2.534493
0.714000,0.091607,2.517628
0.715000,0.089996,2.522308
0.716000,0.087606,2.502190
0.717000,0.085699,2.534882
0.718000,0.093761,2.506457
0.719000,0.096369,2.510685
0.720000,0.089550,2.524236
0.721000,0.089456,2.507493
0.722000,0.087763,2.522367
0.723000,0.089310,2.504984
0.724000,0.094529,2.527885
0.725000,0.093083,2.528391
0.726000,0.085230,2.512704
0.727000,0.090032,2.522620
0.728000,0.085873,2.538750
0.729000,0.083568,2.522470
0.730000,0.085367,2.512585
0.731000,0.089025,2.519315
0.732000,0.091021,2.519559
0.733000,0.088429,2.528203
0.734000,0.089235,2.544308
0.735000,0.089886,2.512021
0.736000,0.086222,2.500775
0.737000,0.092265,2.523726
0.738000,0.091284,2.547789
0.739000,0.091731,2.520356
0.740000,0.086958,2.517305
0.741000,0.088654,2.500413
0.742000,0.092590,2.485818
0.743000,0.089011,2.526015
0.744000,0.097187,2.539480
0.745000,0.091469,2.543890
0.746000,0.087380,2.558515
0.747000,0.092531,2.510438
0.748000,0.089563,2.551368
0.749000,0.085822,2.504797
0.750000,0.087650,2.512418
0.751000,0.091370,2.513145
0.752000,0.089693,2.520543
0.753000,0.087699,2.499712
0.754000,0.090289,2.513842
0.755000,0.089998,2.525027
0.756000,0.087290,2.492743
0.757000,0.092061,2.495036
0.758000,0.088383,2.555165
0.759000,0.093000,2.527352
0.760000,0.091726,2.512540
0.761000,0.088746,2.518707
0.762000,0.086420,2.514599
0.763000,0.095606,2.522665
0.764000,0.086097,2.539867
0.765000,0.088961,2.525824
0.766000,0.097219,2.493201
0.767000,0.091213,2.508423
0.768000,0.092342,2.542453
0.769000,0.093162,2.511723
0.770000,0.089327,2.515760
0.771000,0.091569,2.510558
0.772000,0.089527,2.526860
0.773000,0.088029,2.500022
0.774000,0.089168,2.544122
0.775000,0.092779,2.519294
0.776000,0.085320,2.533106
0.777000,0.095040,2.499232
0.778000,0.093293,2.552339
0.779000,0.090028,2.488515
0.780000,0.095024,2.521000
0.781000,0.094226,2.537623
0.782000,0.091039,2.489540
0.783000,0.090352,2.521771
0.784000,0.089157,2.529788
0.785000,0.086751,2.532140
0.786000,0.090473,2.549678
0.787000,0.086513,2.535915
0.788000,0.089160,2.543679
0.789000,0.085554,2.531833
0.790000,0.087207,2.502431
0.791000,0.088705,2.515665
0.792000,0.091109,2.536611
0.793000,0.087926,2.517891
0.794000,0.090131,2.529024
0.795000,0.088651,2.523277
0.796000,0.092720,2.509179
0.797000,0.091700,2.521678
0.798000,0.089267,2.533747
0.799000,0.091578,2.530516
0.800000,0.089408,2.517816
0.801000,0.086067,2.512466
0.802000,0.093183,2.525572
0.803000,0.088155,2.513762
0.804000,0.087053,2.511463
0.805000,0.086595,2.538338
0.806000,0.088890,2.531180
0.807000,0.088507,2.499668
0.808000,0.088228,2.517839
0.809000,0.089937,2.513970
0.810000,0.084912,2.504191
0.811000,0.090125,2.520963
0.812000,0.086196,2.538417
0.813000,0.090851,2.540213
0.814000,0.088895,2.515120
0.815000,0.089308,2.531343
0.816000,0.094192,2.530382
0.817000,0.090801,2.522180
0.818000,0.083768,2.506183
0.819000,0.095970,2.534202
0.820000,0.093103,2.501547
0.821000,0.090372,2.522469
0.822000,0.092432,2.504233
0.823000,0.092510,2.508547
0.824000,0.092216,2.520651
0.825000,0.080446,2.516268
0.826000,0.087454,2.521942
0.827000,0.087183,2.522308
0.828000,0.088868,2.510778
0.829000,0.090591,2.515089
0.830000,0.093309,2.514731
0.831000,0.089678,2.546955
0.832000,0.091235,2.488633
0.833000,0.091847,2.537367
0.834000,0.087736,2.519822
0.835000,0.087932,2.514484
0.836000,0.085211,2.510393
0.837000,0.093811,2.504135
0.838000,0.093606,2.507185
0.839000,0.089913,2.513717
0.840000,0.087812,2.495771
0.841000,0.093356,2.505993
0.842000,0.087016,2.505284
0.843000,0.085406,2.509841
0.844000,0.089290,2.518775
0.845000,0.093010,2.529331
0.846000,0.095579,2.523873
0.847000,0.090604,2.522940
0.848000,0.089907,2.511119
0.849000,0.092069,2.504834
0.850000,0.086651,2.504644
0.851000,0.088120,2.512342
0.852000,0.091137,2.509422
0.853000,0.091033,2.532208
0.854000,0.082998,2.522327
0.855000,0.089414,2.542312
0.856000,0.088927,2.513938
0.857000,0.087492,2.535809
0.858000,0.088627,2.520047
0.859000,0.088721,2.521706
0.860000,0.091393,2.521667
0.861000,0.088066,2.499157
0.862000,0.087559,2.547967
0.863000,0.090959,2.548323
0.864000,0.088755,2.501100
0.865000,0.089539,2.542113
0.866000,0.086975,2.506894
0.867000,0.086700,2.523461
0.868000,0.090041,2.522473
0.869000,0.088979,2.527644
0.870000,0.085212,2.516619
0.871000,0.091257,2.521623
0.872000,0.088630,2.524764
0.873000,0.083934,2.502885
0.874000,0.088725,2.516752
0.875000,0.087459,2.510018
0.876000,0.089420,2.505303
0.877000,0.090297,2.521084
0.878000,0.085331,2.494323
0.879000,0.088860,2.502235
0.880000,0.090091,2.533724
0.881000,0.082569,2.526382
0.882000,0.087893,2.546408
0.883000,0.090301,2.537614
0.884000,0.090766,2.525021
0.885000,0.089285,2.514283
0.886000,0.086348,2.517348
0.887000,0.086674,2.553326
0.888000,0.082470,2.513825
0.889000,0.089450,2.525842
0.890000,0.092488,2.553206
0.891000,0.083515,2.505461
0.892000,0.093830,2.540679
0.893000,0.090559,2.508368
0.894000,0.090721,2.508338
0.895000,0.091161,2.534517
0.896000,0.084905,2.497543
0.897000,0.092175,2.520909
0.898000,0.085861,2.532789
0.899000,0.091275,2.517994
0.900000,0.090304,2.516215
0.901000,0.092177,2.520062
0.902000,0.090097,2.546542
0.903000,0.090415,2.531334
0.904000,0.092907,2.500011
0.905000,0.083515,2.547237
0.906000,0.087976,2.509795
0.907000,0.091200,2.496849
0.908000,0.094782,2.504394
0.909000,0.089980,2.512500
0.910000,0.088826,2.524184
0.911000,0.083287,2.539581
0.912000,0.087587,2.494351
0.913000,0.089189,2.509185
0.914000,0.087429,2.524542
0.915000,0.096615,2.525257
0.916000,0.091990,2.504774
0.917000,0.086564,2.509507
0.918000,0.088094,2.508673
0.919000,0.088570,2.510192
0.920000,0.091031,2.528901
0.921000,0.084639,2.510769
0.922000,0.087464,2.544038
0.923000,0.092316,2.547399
0.924000,0.091031,2.553857
0.925000,0.094515,2.497530
0.926000,0.093313,2.513759
0.927000,0.087848,2.532341
0.928000,0.088820,2.528690
0.929000,0.086646,2.522966
0.930000,0.092842,2.509013
0.931000,0.088099,2.530800
0.932000,0.085821,2.556598
0.933000,0.087032,2.523553
0.934000,0.087230,2.531211
0.935000,0.090017,2.522858
0.936000,0.086094,2.495188
0.937000,0.088199,2.519418
0.938000,0.089213,2.545666
0.939000,0.091512,2.516118
0.940000,0.088772,2.519008
0.941000,0.091477,2.507461
0.942000,0.091235,2.524776
0.943000,0.091334,2.520850
0.944000,0.086837,2.484380
0.945000,0.085769,2.532354
0.946000,0.092212,2.519867
0.947000,0.086957,2.511533
0.948000,0.088309,2.513874
0.949000,0.089044,2.521675
0.950000,0.084588,2.517698
0.951000,0.095265,2.524429
0.952000,0.090766,2.533907
0.953000,0.091671,2.526797
0.954000,0.096563,2.537727
0.955000,0.091671,2.517017
0.956000,0.089519,2.509226
0.957000,0.089935,2.541278
0.958000,0.094392,2.519454
0.959000,0.089293,2.520853
0.960000,0.086093,2.505720
0.961000,0.087591,2.512182
0.962000,0.095241,2.509676
0.963000,0.088303,2.553202
0.964000,0.092950,2.527863
0.965000,0.088798,2.528566
0.966000,0.089648,2.538439
0.967000,0.090394,2.532530
0.968000,0.084693,2.495052
0.969000,0.094014,2.508091
0.970000,0.084308,2.527875
0.971000,0.088025,2.516778
0.972000,0.085292,2.510848
0.973000,0.087515,2.528117
0.974000,0.096727,2.500862
0.975000,0.093368,2.514081
0.976000,0.092435,2.523333
0.977000,0.089685,2.514642
0.978000,0.085090,2.528467
0.979000,0.082053,2.509047
0.980000,0.093833,2.502805
0.981000,0.087585,2.523649
0.982000,0.092863,2.503103
0.983000,0.091803,2.516134
0.984000,0.086632,2.509753
0.985000,0.085100,2.541404
0.986000,0.091434,2.493095
0.987000,0.088363,2.529485
0.988000,0.090170,2.517746
0.989000,0.089622,2.531274
0.990000,0.084561,2.520740
0.991000,0.089724,2.519974
0.992000,0.089329,2.522897
0.993000,0.088880,2.535351
0.994000,0.090846,2.518357
0.995000,0.094160,2.515204
0.996000,0.084405,2.508745
0.997000,0.092242,2.511802
0.998000,0.091005,2.522956
0.999000,0.086902,2.510309
1.000000,0.089484,2.524915
1.001000,0.092096,2.518855
1.002000,0.088339,2.503700
1.003000,0.092591,2.519662
1.004000,0.092827,2.504539
1.005000,0.086224,2.517533
1.006000,0.092501,2.530797
1.007000,0.094681,2.547027
1.008000,0.088737,2.515716
1.009000,0.094376,2.529044
1.010000,0.089083,2.498306
1.011000,0.089521,2.530861
1.012000,0.088934,2.543456
1.013000,0.092693,2.524568
1.014000,0.087609,2.530713
1.015000,0.087021,2.501684
1.016000,0.085696,2.508547
1.017000,0.086882,2.523020
1.018000,0.088318,2.552968
1.019000,0.089811,2.516303
1.020000,0.087417,2.498726
1.021000,0.085932,2.523069
1.022000,0.091744,2.521788
1.023000,0.091995,2.504927
1.024000,0.084624,2.529179
1.025000,0.089754,2.514830
1.026000,0.095278,2.530581
1.027000,0.091283,2.531631
1.028000,0.088467,2.540051
1.029000,0.087654,2.517887
1.030000,0.088827,2.509773
1.031000,0.088864,2.526997
1.032000,0.089260,2.527094
1.033000,0.096380,2.539217
1.034000,0.089404,2.493686
1.035000,0.089330,2.499838
1.036000,0.087567,2.515858
1.037000,0.087972,2.496932
1.038000,0.089577,2.519989
1.039000,0.085893,2.529747
1.040000,0.089379,2.499313
1.041000,0.090426,2.533179
1.042000,0.089266,2.536338
1.043000,0.088052,2.502100
1.044000,0.090067,2.519725
1.045000,0.087649,2.507483
1.046000,0.090307,2.492972
1.047000,0.090230,2.487175
1.048000,0.093116,2.521527
1.049000,0.090810,2.504780
1.050000,0.091033,2.497730
1.051000,0.091365,2.517023
1.052000,0.087010,2.538017
1.053000,0.091081,2.517012
1.054000,0.086463,2.525598
1.055000,0.084803,2.484656
1.056000,0.086564,2.510898
1.057000,0.087546,2.502471
1.058000,0.088348,2.515711
1.059000,0.089751,2.549048
1.060000,0.087393,2.541991
1.061000,0.089781,2.522796
1.062000,0.087236,2.535805
1.063000,0.084864,2.508021
1.064000,0.091545,2.500525
1.065000,0.087210,2.533075
1.066000,0.090994,2.514538
1.067000,0.093326,2.527255
1.068000,0.086895,2.539111
1.069000,0.090091,2.564385
1.070000,0.083907,2.533354
1.071000,0.088049,2.514853
1.072000,0.088578,2.515400
1.073000,0.085470,2.512818
1.074000,0.091366,2.517793
1.075000,0.092258,2.531113
1.076000,0.087469,2.507155
1.077000,0.088145,2.499444
1.078000,0.090270,2.495799
1.079000,0.094383,2.541152
1.080000,0.087932,2.525212
1.081000,0.091425,2.514347
1.082000,0.089594,2.514821
1.083000,0.086528,2.526300
1.084000,0.090051,2.527214
1.085000,0.090566,2.515762
1.086000,0.089999,2.553260
1.087000,0.087000,2.521803
1.088000,0.088271,2.525495
1.089000,0.089767,2.506240
1.090000,0.090324,2.532790
1.091000,0.092875,2.542256
1.092000,0.087889,2.526965
1.093000,0.089219,2.517644
1.094000,0.089683,2.520044
1.095000,0.091623,2.509035
1.096000,0.093501,2.539674
1.097000,0.087851,2.540067
1.098000,0.090429,2.542347
1.099000,0.093609,2.507887
1.100000,0.087137,2.525230
1.101000,0.087723,2.528845
1.102000,0.086793,2.522013
1.103000,0.088562,2.525381
1.104000,0.087948,2.550001
1.105000,0.090785,2.511495
1.106000,0.091307,2.518543
1.107000,0.084619,2.514254
1.108000,0.090087,2.514122
1.109000,0.093240,2.523917
1.110000,0.084985,2.534906
1.111000,0.090957,2.499293
1.112000,0.088319,2.542097
1.113000,0.093281,2.545119
1.114000,0.089699,2.519913
1.115000,0.089568,2.535151
1.116000,0.087936,2.508888
1.117000,0.089062,2.520802
1.118000,0.090227,2.510575
1.119000,0.093488,2.522486
1.120000,0.089005,2.513991
1.121000,0.095817,2.534523
1.122000,0.084677,2.519762
1.123000,0.087899,2.513341
1.124000,0.090677,2.537464
1.125000,0.089145,2.535391
1.126000,0.093431,2.505468
1.127000,0.088766,2.512847
1.128000,0.092141,2.528829
1.129000,0.092181,2.550669
1.130000,0.085810,2.530842
1.131000,0.087485,2.510467
1.132000,0.090338,2.523576
1.133000,0.088195,2.509188
1.134000,0.087326,2.516193
1.135000,0.085637,2.515401
1.136000,0.092273,2.525380
1.137000,0.092856,2.517100
1.138000,0.089219,2.534371
1.139000,0.097194,2.528825
1.140000,0.086460,2.535627
1.141000,0.088229,2.541921
1.142000,0.089359,2.536267
1.143000,0.087409,2.493384
1.144000,0.095636,2.531811
1.145000,0.088962,2.523723
1.146000,0.088374,2.523484
1.147000,0.090047,2.527588
1.148000,0.089427,2.521477
1.149000,0.089060,2.507879
1.150000,0.086999,2.544898
1.151000,0.087206,2.506946
1.152000,0.090529,2.528482
1.153000,0.090215,2.520185
1.154000,0.093986,2.517287
1.155000,0.087689,2.507850
1.156000,0.084704,2.525695
1.157000,0.087475,2.540693
1.158000,0.087711,2.531975
1.159000,0.087840,2.515328
1.160000,0.088840,2.534932
1.161000,0.090660,2.537124
1.162000,0.092089,2.517658
1.163000,0.087525,2.496488
1.164000,0.092534,2.516260
1.165000,0.087795,2.498109
1.166000,0.086006,2.523572
1.167000,0.091039,2.499517
1.168000,0.088961,2.537061
1.169000,0.084287,2.541587
1.170000,0.090613,2.551279
1.171000,0.087246,2.503711
1.172000,0.090621,2.515480
1.173000,0.091989,2.548308
1.174000,0.087345,2.536670
1.175000,0.093569,2.525506
1.176000,0.088659,2.523157
1.177000,0.092911,2.503033
1.178000,0.088168,2.520041
1.179000,0.088022,2.511569
1.180000,0.088836,2.519577
1.181000,0.084631,2.524110
1.182000,0.093493,2.503932
1.183000,0.087436,2.511031
1.184000,0.090390,2.513614
1.185000,0.087723,2.515919
1.186000,0.093815,2.511292
1.187000,0.085902,2.513885
1.188000,0.091366,2.515246
1.189000,0.088650,2.527992
1.190000,0.091672,2.497404
1.191000,0.089001,2.523191
1.192000,0.085577,2.544729
1.193000,0.090288,2.527642
1.194000,0.085671,2.522836
1.195000,0.083352,2.558495
1.196000,0.091703,2.510554
1.197000,0.091066,2.534144
1.198000,0.087504,2.544474
1.199000,0.094325,2.501462
1.200000,0.093729,2.507721
1.201000,0.091407,2.505686
1.202000,0.091812,2.505178
1.203000,0.097168,2.502235
1.204000,0.087786,2.522351
1.205000,0.085805,2.534407
1.206000,0.091706,2.525439
1.207000,0.086609,2.549715
1.208000,0.087384,2.528929
1.209000,0.090302,2.517900
1.210000,0.087079,2.507353
1.211000,0.093525,2.529653
1.212000,0.093438,2.509219
1.213000,0.086892,2.501635
1.214000,0.093994,2.538100
1.215000,0.087768,2.504055
1.216000,0.092880,2.511160
1.217000,0.091742,2.503145
1.218000,0.093254,2.526160
1.219000,0.092146,2.510470
1.220000,0.087392,2.508619
1.221000,0.091110,2.522035
1.222000,0.088318,2.523320
1.223000,0.089550,2.528169
1.224000,0.088570,2.525849
1.225000,0.086730,2.509503
1.226000,0.090534,2.525727
1.227000,0.084111,2.539205
1.228000,0.088371,2.558825
1.229000,0.090816,2.503049
1.230000,0.085568,2.489448
1.231000,0.090734,2.546590
1.232000,0.090179,2.497569
1.233000,0.087691,2.531268
1.234000,0.089056,2.527774
1.235000,0.090699,2.517611
1.236000,0.087679,2.522080
1.237000,0.092041,2.511207
1.238000,0.088270,2.523608
1.239000,0.089247,2.525961
1.240000,0.091079,2.490097
1.241000,0.090432,2.524780
1.242000,0.094251,2.534256
1.243000,0.084496,2.516827
1.244000,0.092511,2.534358
1.245000,0.087503,2.551198
1.246000,0.086215,2.496102
1.247000,0.086465,2.505746
1.248000,0.091820,2.553590
1.249000,0.092329,2.543444
1.250000,0.088065,2.521648
1.251000,0.088555,2.512684
1.252000,0.087510,2.513344
1.253000,0.096347,2.500401
1.254000,0.093134,2.510288
1.255000,0.089502,2.536769
1.256000,0.089369,2.526523
1.257000,0.088048,2.508597
1.258000,0.087930,2.532108
1.259000,0.091613,2.510019
1.260000,0.090285,2.501135
1.261000,0.089860,2.540378
1.262000,0.087609,2.538985
1.263000,0.088966,2.534949
1.264000,0.092172,2.521024
1.265000,0.091072,2.506961
1.266000,0.083211,2.527966
1.267000,0.088060,2.519642
1.268000,0.088268,2.519607
1.269000,0.096246,2.505145
1.270000,0.085793,2.527506
1.271000,0.088211,2.518082
1.272000,0.088714,2.514103
1.273000,0.090833,2.520403
1.274000,0.091196,2.504101
1.275000,0.089980,2.485311
1.276000,0.092775,2.536672
1.277000,0.092792,2.516409
1.278000,0.084270,2.497564
1.279000,0.086715,2.508960
1.280000,0.087873,2.512988
1.281000,0.085674,2.506823
1.282000,0.092408,2.533414
1.283000,0.091196,2.557932
1.284000,0.091532,2.540772
1.285000,0.093014,2.526561
1.286000,0.090783,2.507915
1.287000,0.087284,2.519136
1.288000,0.093130,2.510598
1.289000,0.085772,2.534471
1.290000,0.089508,2.518256
1.291000,0.091341,2.526055
1.292000,0.094094,2.536216
1.293000,0.092853,2.539227
1.294000,0.091116,2.527714
1.295000,0.093609,2.517930
1.296000,0.080109,2.534819
1.297000,0.090719,2.514724
1.298000,0.092627,2.535457
1.299000,0.091487,2.488553
1.300000,0.087601,2.514994
1.301000,0.094822,2.511930
1.302000,0.086102,2.540808
1.303000,0.087511,2.522913
1.304000,0.089479,2.529506
1.305000,0.091110,2.503337
1.306000,0.085907,2.504910
1.307000,0.090589,2.507979
1.308000,0.088105,2.506518
1.309000,0.088968,2.519721
1.310000,0.088705,2.510551
1.311000,0.090414,2.523730
1.312000,0.088672,2.513426
1.313000,0.090460,2.526204
1.314000,0.087498,2.532236
1.315000,0.091478,2.517474
1.316000,0.091364,2.511317
1.317000,0.089966,2.525877
1.318000,0.092882,2.550152
1.319000,0.090003,2.513822
1.320000,0.093915,2.494034
1.321000,0.092870,2.508650
1.322000,0.091017,2.497824
1.323000,0.089565,2.498430
1.324000,0.086117,2.532057
1.325000,0.091679,2.506762
1.326000,0.084126,2.497684
1.327000,0.088267,2.490978
1.328000,0.088926,2.510102
1.329000,0.086241,2.491210
1.330000,0.092084,2.518322
1.331000,0.089849,2.530864
1.332000,0.089466,2.525686
1.333000,0.089261,2.539761
1.334000,0.088195,2.508183
1.335000,0.089280,2.529200
1.336000,0.085856,2.512107
1.337000,0.090083,2.529867
1.338000,0.087924,2.504961
1.339000,0.086396,2.527566
1.340000,0.091236,2.537027
1.341000,0.084406,2.526512
1.342000,0.090109,2.506401
1.343000,0.091910,2.555871
1.344000,0.088786,2.525038
1.345000,0.090705,2.525213
1.346000,0.090549,2.516030
1.347000,0.083970,2.521597
1.348000,0.087033,2.504350
1.349000,0.097499,2.523227
1.350000,0.093705,2.520825
1.351000,0.092901,2.510839
1.352000,0.088752,2.501236
1.353000,0.092049,2.509115
1.354000,0.088917,2.535422
1.355000,0.088414,2.513501
1.356000,0.090323,2.537113
1.357000,0.088035,2.510630
1.358000,0.083754,2.522344
1.359000,0.093028,2.504185
1.360000,0.089936,2.511810
1.361000,0.089880,2.499231
1.362000,0.086041,2.520887
1.363000,0.083639,2.523836
1.364000,0.093538,2.519523
1.365000,0.088542,2.523849
1.366000,0.089654,2.518102
1.367000,0.087531,2.518561
1.368000,0.089823,2.531100
1.369000,0.089518,2.504118
1.370000,0.090043,2.526061
1.371000,0.086936,2.533943
1.372000,0.087888,2.525833
1.373000,0.096186,2.529422
1.374000,0.086368,2.547640
1.375000,0.092675,2.541702
1.376000,0.092262,2.506807
1.377000,0.081976,2.530319
1.378000,0.088373,2.541087
1.379000,0.091579,2.491084
1.380000,0.092015,2.502712
1.381000,0.090939,2.543655
1.382000,0.084384,2.493233
1.383000,0.089490,2.508018
1.384000,0.083571,2.531348
1.385000,0.086343,2.533869
1.386000,0.091245,2.519899
1.387000,0.083753,2.529954
1.388000,0.091184,2.554446
1.389000,0.090264,2.495066
1.390000,0.086653,2.548869
1.391000,0.094808,2.527993
1.392000,0.090011,2.481052
1.393000,0.093967,2.517162
1.394000,0.091813,2.543183
1.395000,0.094652,2.544752
1.396000,0.095390,2.528814
1.397000,0.087746,2.535546
1.398000,0.088686,2.495012
1.399000,0.087254,2.531246
1.400000,0.086149,2.507257
1.401000,0.089022,2.526584
1.402000,0.088907,2.522978
1.403000,0.087390,2.507635
1.404000,0.091668,2.527165
1.405000,0.094352,2.530347
1.406000,0.091921,2.534532
1.407000,0.089165,2.518758
1.408000,0.088829,2.516250
1.409000,0.087862,2.524347
1.410000,0.087982,2.516976
1.411000,0.092201,2.525417
1.412000,0.091200,2.522702
1.413000,0.088300,2.521475
1.414000,0.086687,2.503929
1.415000,0.093391,2.538203
1.416000,0.086636,2.504801
1.417000,0.088625,2.498718
1.418000,0.089110,2.533669
1.419000,0.097381,2.532171
1.420000,0.086366,2.515632
1.421000,0.088104,2.517797
1.422000,0.085638,2.523008
1.423000,0.091106,2.520793
1.424000,0.096980,2.516906
1.425000,0.088660,2.498785
1.426000,0.089258,2.509774
1.427000,0.086918,2.550995
1.428000,0.088322,2.503125
1.429000,0.091749,2.508812
1.430000,0.091900,2.517024
1.431000,0.090518,2.535481
1.432000,0.083931,2.537231
1.433000,0.093247,2.542173
1.434000,0.087945,2.500372
1.435000,0.087549,2.546531
1.436000,0.088857,2.546794
1.437000,0.088619,2.511498
1.438000,0.087051,2.538704
1.439000,0.088643,2.509525
1.440000,0.086612,2.541550
1.441000,0.086435,2.529087
1.442000,0.086283,2.508100
1.443000,0.086594,2.536754
1.444000,0.086519,2.518422
1.445000,0.088993,2.522671
1.446000,0.089217,2.491474
1.447000,0.089371,2.530373
1.448000,0.086831,2.514938
1.449000,0.090261,2.554175
1.450000,0.088951,2.523675
1.451000,0.088802,2.507120
1.452000,0.090895,2.503862
1.453000,0.089734,2.529735
1.454000,0.087357,2.520118
1.455000,0.084830,2.534229
1.456000,0.083248,2.495245
1.457000,0.089856,2.499627
1.458000,0.087451,2.500905
1.459000,0.091338,2.524517
1.460000,0.091867,2.516943
1.461000,0.089567,2.522317
1.462000,0.091474,2.537168
1.463000,0.095021,2.517282
1.464000,0.085774,2.513276
1.465000,0.091740,2.521077
1.466000,0.086798,2.518698
1.467000,0.088844,2.552619
1.468000,0.087102,2.508380
1.469000,0.090367,2.532971
1.470000,0.086806,2.527708
1.471000,0.091704,2.513620
1.472000,0.084094,2.527645
1.473000,0.089395,2.518926
1.474000,0.092041,2.519569
1.475000,0.089960,2.511259
1.476000,0.088239,2.523569
1.477000,0.089533,2.515154
1.478000,0.090380,2.521405
1.479000,0.090486,2.513198
1.480000,0.087782,2.503391
1.481000,0.085913,2.536324
1.482000,0.091331,2.518671
1.483000,0.089790,2.510041
1.484000,0.092159,2.521912
1.485000,0.092948,2.522673
1.486000,0.093509,2.533839
1.487000,0.089339,2.498316
1.488000,0.086869,2.516986
1.489000,0.089479,2.493782
1.490000,0.088827,2.529338
1.491000,0.089362,2.525363
1.492000,0.093399,2.499189
1.493000,0.097137,2.522533
1.494000,0.091355,2.504630
1.495000,0.087427,2.527849
1.496000,0.085797,2.520396
1.497000,0.086432,2.518424
1.498000,0.089095,2.515406
1.499000,0.091621,2.510411
1.500000,0.087970,2.521932
1.501000,0.085248,2.504486
1.502000,0.091233,2.518901
1.503000,0.084421,2.521692
1.504000,0.084692,2.499917
1.505000,0.086632,2.515859
1.506000,0.090018,2.521252
1.507000,0.091832,2.520727
1.508000,0.094110,2.514592
1.509000,0.090138,2.510591
1.510000,0.087606,2.515413
1.511000,0.085184,2.540075
1.512000,0.089515,2.530973
1.513000,0.088289,2.497437
1.514000,0.091970,2.503469
1.515000,0.092346,2.511045
1.516000,0.090606,2.556842
1.517000,0.090946,2.518129
1.518000,0.092419,2.510834
1.519000,0.091395,2.514702
1.520000,0.080533,2.520164
1.521000,0.088663,2.528266
1.522000,0.088190,2.508148
1.523000,0.087257,2.491649
1.524000,0.091613,2.506460
1.525000,0.085942,2.482345
1.526000,0.087966,2.513049
1.527000,0.094603,2.513210
1.528000,0.088693,2.547026
1.529000,0.091320,2.516318
1.530000,0.083645,2.510419
1.531000,0.086736,2.517545
1.532000,0.092070,2.527430
1.533000,0.093167,2.519386
1.534000,0.084336,2.539766
1.535000,0.090863,2.519923
1.536000,0.091500,2.537025
1.537000,0.092039,2.530549
1.538000,0.090833,2.540423
1.539000,0.090487,2.515514
1.540000,0.088672,2.536676
1.541000,0.088427,2.504741
1.542000,0.085894,2.497277
1.543000,0.087673,2.516650
1.544000,0.089916,2.492574
1.545000,0.090442,2.537293
1.546000,0.084095,2.506786
1.547000,0.088857,2.523980
1.548000,0.088161,2.522644
1.549000,0.095225,2.505953
1.550000,0.090860,2.498616
1.551000,0.088432,2.526714
1.552000,0.086802,2.516392
1.553000,0.091612,2.503503
1.554000,0.092489,2.509333
1.555000,0.087313,2.538029
1.556000,0.087819,2.520767
1.557000,0.091325,2.518481
1.558000,0.091217,2.534708
1.559000,0.089981,2.510315
1.560000,0.088113,2.513640
1.561000,0.086934,2.528132
1.562000,0.091773,2.527639
1.563000,0.083785,2.529659
1.564000,0.093231,2.524042
1.565000,0.085373,2.539108
1.566000,0.086917,2.509113
1.567000,0.092798,2.499367
1.568000,0.091383,2.497766
1.569000,0.087566,2.529934
1.570000,0.083777,2.503751
1.571000,0.088366,2.523571
1.572000,0.087582,2.515131
1.573000,0.087255,2.530348
1.574000,0.086139,2.540977
1.575000,0.092497,2.538110
1.576000,0.090375,2.527372
1.577000,0.090813,2.539453
1.578000,0.089132,2.501150
1.579000,0.085872,2.516887
1.580000,0.083486,2.534841
1.581000,0.088534,2.526778
1.582000,0.086514,2.504852
1.583000,0.089380,2.506912
1.584000,0.085427,2.493783
1.585000,0.095696,2.531566
1.586000,0.088146,2.525488
1.587000,0.091311,2.512487
1.588000,0.091448,2.530630
1.589000,0.082889,2.538438
1.590000,0.089201,2.533162
1.591000,0.087362,2.516313
1.592000,0.094474,2.507177
1.593000,0.091076,2.536149
1.594000,0.087284,2.502543
1.595000,0.087605,2.531126
1.596000,0.092968,2.522662
1.597000,0.089384,2.510515
1.598000,0.085414,2.514101
1.599000,0.091804,2.517835
1.600000,0.087821,2.520970
1.601000,0.085814,2.510327
1.602000,0.092166,2.538427
1.603000,0.084954,2.518956
1.604000,0.083691,2.534347
1.605000,0.088128,2.519318
1.606000,0.097295,2.537039
1.607000,0.093251,2.525307
1.608000,0.091511,2.496056
1.609000,0.090326,2.514928
1.610000,0.094063,2.549895
1.611000,0.085908,2.521137
1.612000,0.084927,2.521405
1.613000,0.093096,2.506173
1.614000,0.084242,2.527419
1.615000,0.089194,2.525220
1.616000,0.086341,2.530569
1.617000,0.090236,2.529734
1.618000,0.087759,2.525629
1.619000,0.090783,2.515297
1.620000,0.092960,2.514958
1.621000,0.089501,2.511216
1.622000,0.091881,2.523525
1.623000,0.086338,2.540227
1.624000,0.089755,2.554740
1.625000,0.089670,2.510640
1.626000,0.086704,2.532529
1.627000,0.087803,2.519688
1.628000,0.086507,2.509380
1.629000,0.086948,2.518900
1.630000,0.089231,2.513693
1.631000,0.090380,2.501739
1.632000,0.090742,2.537033
1.633000,0.091377,2.519285
1.634000,0.088999,2.548880
1.635000,0.091545,2.508807
1.636000,0.089752,2.504287
1.637000,0.086376,2.521143
1.638000,0.085240,2.486181
1.639000,0.088344,2.504250
1.640000,0.087299,2.518798
1.641000,0.089137,2.542452
1.642000,0.088947,2.520213
1.643000,0.086474,2.539627
1.644000,0.089452,2.503183
1.645000,0.089895,2.508498
1.646000,0.085124,2.508827
1.647000,0.090737,2.518243
1.648000,0.089819,2.534268
1.649000,0.089090,2.525338
1.650000,0.088971,2.527832
1.651000,0.087466,2.517573
1.652000,0.091563,2.511188
1.653000,0.085494,2.506274
1.654000,0.093313,2.541957
1.655000,0.089996,2.507373
1.656000,0.088028,2.511387
1.657000,0.088862,2.535556
1.658000,0.088350,2.534609
1.659000,0.089658,2.504793
1.660000,0.093414,2.526465
1.661000,0.087086,2.513125
1.662000,0.088541,2.521491
1.663000,0.090532,2.502552
1.664000,0.084969,2.538658
1.665000,0.089795,2.516374
1.666000,0.090650,2.534187
1.667000,0.087651,2.510461
1.668000,0.090949,2.504991
1.669000,0.089128,2.519409
1.670000,0.086233,2.509815
1.671000,0.096283,2.545240
1.672000,0.083951,2.532739
1.673000,0.088513,2.502871
1.674000,0.093328,2.515573
1.675000,0.084193,2.510009
1.676000,0.089889,2.503521
1.677000,0.087617,2.531796
1.678000,0.090818,2.529232
1.679000,0.095706,2.502534
1.680000,0.097956,2.527646
1.681000,0.090588,2.495569
1.682000,0.085921,2.515896
1.683000,0.093904,2.478280
1.684000,0.093460,2.508461
1.685000,0.088475,2.529627
1.686000,0.088785,2.528042
1.687000,0.087554,2.515953
1.688000,0.090544,2.530520
1.689000,0.091182,2.524699
1.690000,0.088831,2.503655
1.691000,0.091368,2.539786
1.692000,0.090169,2.508749
1.693000,0.091223,2.492764
1.694000,0.087066,2.524774
1.695000,0.088815,2.511998
1.696000,0.092155,2.496460
1.697000,0.086164,2.508833
1.698000,0.091027,2.534129
1.699000,0.089744,2.497554
1.700000,0.087748,2.522141
1.701000,0.090123,2.509919
1.702000,0.087722,2.529533
1.703000,0.088060,2.529870
1.704000,0.092552,2.551738
1.705000,0.091596,2.511389
1.706000,0.087580,2.511492
1.707000,0.093241,2.523316
1.708000,0.085248,2.500502
1.709000,0.088038,2.524187
1.710000,0.092978,2.518002
1.711000,0.092900,2.523856
1.712000,0.089657,2.495820
1.713000,0.084334,2.510452
1.714000,0.089083,2.514233
1.715000,0.087543,2.544105
1.716000,0.087357,2.524702
1.717000,0.085205,2.524607
1.718000,0.085836,2.512783
1.719000,0.087040,2.516770
1.720000,0.089564,2.507957
1.721000,0.088896,2.538264
1.722000,0.092343,2.521481
1.723000,0.090624,2.557842
1.724000,0.091197,2.535339
1.725000,0.086683,2.506985
1.726000,0.086226,2.514319
1.727000,0.087641,2.523138
1.728000,0.083012,2.541697
1.729000,0.092907,2.531230
1.730000,0.085907,2.526536
1.731000,0.090719,2.494754
1.732000,0.087001,2.529920
1.733000,0.090335,2.522223
1.734000,0.091014,2.496556
1.735000,0.088283,2.509606
1.736000,0.091522,2.526751
1.737000,0.092041,2.519497
1.738000,0.086158,2.506878
1.739000,0.093624,2.531161
1.740000,0.094446,2.511348
1.741000,0.087061,2.504914
1.742000,0.088798,2.523547
1.743000,0.095646,2.513058
1.744000,0.090753,2.512660
1.745000,0.090503,2.531041
1.746000,0.087443,2.510900
1.747000,0.090683,2.504327
1.748000,0.087388,2.542475
1.749000,0.085006,2.526092
1.750000,0.088254,2.528959
1.751000,0.087802,2.551711
1.752000,0.090884,2.499607
1.753000,0.090191,2.521784
1.754000,0.088612,2.524984
1.755000,0.088508,2.513400
1.756000,0.087549,2.509226
1.757000,0.089607,2.498057
1.758000,0.086715,2.488974
1.759000,0.088472,2.498273
1.760000,0.088775,2.500566
1.761000,0.089632,2.529087
1.762000,0.086903,2.495220
1.763000,0.089163,2.525568
1.764000,0.085067,2.529754
1.765000,0.087173,2.535112
1.766000,0.090710,2.527630
1.767000,0.089696,2.526550
1.768000,0.089818,2.528547
1.769000,0.086865,2.532904
1.770000,0.090606,2.505269
1.771000,0.088178,2.515532
1.772000,0.086227,2.515640
1.773000,0.091255,2.499832
1.774000,0.096526,2.539663
1.775000,0.090276,2.502202
1.776000,0.091043,2.519524
1.777000,0.087119,2.509071
1.778000,0.089904,2.541737
1.779000,0.089982,2.525338
1.780000,0.086642,2.526621
1.781000,0.092612,2.525201
1.782000,0.087990,2.527425
1.783000,0.083145,2.521027
1.784000,0.087366,2.509933
1.785000,0.088658,2.522465
1.786000,0.091345,2.540473
1.787000,0.092707,2.523485
1.788000,0.091043,2.512848
1.789000,0.091122,2.504012
1.790000,0.087686,2.521481
1.791000,0.086693,2.497134
1.792000,0.087516,2.530935
1.793000,0.089262,2.513241
1.794000,0.086171,2.546150
1.795000,0.086796,2.537708
1.796000,0.086779,2.487584
1.797000,0.090047,2.540780
1.798000,0.090405,2.524336
1.799000,0.090266,2.498958
1.800000,0.091373,2.539339
1.801000,0.088304,2.541814
1.802000,0.087996,2.501674
1.803000,0.088001,2.524403
1.804000,0.094314,2.497064
1.805000,0.089574,2.532732
1.806000,0.092062,2.515653
1.807000,0.089336,2.535397
1.808000,0.088919,2.505781
1.809000,0.093884,2.509163
1.810000,0.087888,2.516130
1.811000,0.084667,2.535600
1.812000,0.088874,2.521573
1.813000,0.091646,2.535546
1.814000,0.094443,2.546771
1.815000,0.088967,2.517562
1.816000,0.090939,2.509148
1.817000,0.093601,2.509932
1.818000,0.091786,2.528242
1.819000,0.092614,2.495854
1.820000,0.091340,2.522554
1.821000,0.090817,2.527544
1.822000,0.091140,2.534623
1.823000,0.089574,2.526605
1.824000,0.089988,2.552289
1.825000,0.088897,2.527627
1.826000,0.088615,2.516113
1.827000,0.086814,2.524733
1.828000,0.090465,2.514746
1.829000,0.086957,2.536881
1.830000,0.092879,2.524354
1.831000,0.090243,2.529207
1.832000,0.086161,2.534726
1.833000,0.087749,2.520700
1.834000,0.086745,2.515069
1.835000,0.088185,2.527733
1.836000,0.086348,2.543817
1.837000,0.090625,2.513204
1.838000,0.091282,2.533709
1.839000,0.087784,2.511853
1.840000,0.088510,2.526069
1.841000,0.083096,2.512339
1.842000,0.092068,2.500436
1.843000,0.090326,2.538900
1.844000,0.090481,2.514926
1.845000,0.091233,2.508693
1.846000,0.091761,2.533298
1.847000,0.083163,2.516100
1.848000,0.088144,2.526866
1.849000,0.091836,2.504285
1.850000,0.094836,2.514050
1.851000,0.092982,2.525953
1.852000,0.089503,2.512937
1.853000,0.089188,2.518913
1.854000,0.086067,2.498138
1.855000,0.090182,2.509529
1.856000,0.086593,2.530624
1.857000,0.088783,2.543059
1.858000,0.089808,2.535329
1.859000,0.087554,2.496328
1.860000,0.086386,2.541021
1.861000,0.087044,2.540199
1.862000,0.091512,2.522111
1.863000,0.085355,2.523388
1.864000,0.088597,2.517606
1.865000,0.092486,2.525402
1.866000,0.089891,2.538043
1.867000,0.092515,2.518064
1.868000,0.093096,2.536704
1.869000,0.093508,2.525270
1.870000,0.089101,2.497548
1.871000,0.092957,2.514585
1.872000,0.092905,2.531209
1.873000,0.090409,2.501228
1.874000,0.090623,2.523896
1.875000,0.084229,2.501863
1.876000,0.088812,2.519273
1.877000,0.087944,2.531976
1.878000,0.089219,2.503368
1.879000,0.089703,2.533670
1.880000,0.091028,2.536627
1.881000,0.089678,2.492710
1.882000,0.089404,2.540946
1.883000,0.091715,2.536852
1.884000,0.094559,2.493111
1.885000,0.090705,2.538609
1.886000,0.094879,2.535706
1.887000,0.090910,2.501594
1.888000,0.084791,2.543642
1.889000,0.087756,2.513002
1.890000,0.094796,2.532522
1.891000,0.085368,2.515976
1.892000,0.092156,2.544089
1.893000,0.087907,2.527454
1.894000,0.082237,2.511761
1.895000,0.085829,2.495258
1.896000,0.090811,2.515073
1.897000,0.087423,2.509318
1.898000,0.086427,2.505424
1.899000,0.091605,2.524852
1.900000,0.082748,2.502057
1.901000,0.086707,2.537082
1.902000,0.088836,2.514385
1.903000,0.086379,2.544870
1.904000,0.085828,2.531599
1.905000,0.089685,2.539975
1.906000,0.089662,2.525637
1.907000,0.088290,2.507521
1.908000,0.086588,2.513939
1.909000,0.090085,2.510090
1.910000,0.090264,2.516132
1.911000,0.088899,2.535621
1.912000,0.084582,2.502065
1.913000,0.095374,2.553326
1.914000,0.094256,2.539029
1.915000,0.084230,2.544229
1.916000,0.086856,2.512139
1.917000,0.084920,2.494013
1.918000,0.085432,2.518392
1.919000,0.089846,2.523829
1.920000,0.094382,2.523241
1.921000,0.092114,2.514661
1.922000,0.087500,2.499664
1.923000,0.094835,2.529783
1.924000,0.090356,2.530980
1.925000,0.084544,2.534941
1.926000,0.086586,2.520240
1.927000,0.088389,2.519658
1.928000,0.086014,2.497711
1.929000,0.086862,2.504070
1.930000,0.086398,2.524408
1.931000,0.089441,2.524717
1.932000,0.088053,2.534839
1.933000,0.083446,2.517157
1.934000,0.088085,2.575279
1.935000,0.091631,2.486951
1.936000,0.090184,2.512398
1.937000,0.091056,2.495470
1.938000,0.089108,2.501065
1.939000,0.089763,2.528113
1.940000,0.089010,2.506330
1.941000,0.092558,2.535286
1.942000,0.089080,2.507382
1.943000,0.088439,2.526332
1.944000,0.088179,2.534194
1.945000,0.091956,2.509481
1.946000,0.088379,2.537244
1.947000,0.091343,2.531333
1.948000,0.087780,2.528299
1.949000,0.089369,2.509926
1.950000,0.091796,2.542636
1.951000,0.084365,2.536583
1.952000,0.086849,2.523851
1.953000,0.086365,2.536279
1.954000,0.088874,2.518743
1.955000,0.085606,2.547391
1.956000,0.088062,2.512094
1.957000,0.094361,2.524759
1.958000,0.085349,2.534987
1.959000,0.089813,2.505279
1.960000,0.088092,2.511362
1.961000,0.092265,2.491411
1.962000,0.095756,2.526446
1.963000,0.088018,2.505621
1.964000,0.088017,2.537291
1.965000,0.088611,2.512028
1.966000,0.083714,2.512165
1.967000,0.083075,2.518289
1.968000,0.087447,2.516465
1.969000,0.091141,2.512322
1.970000,0.087860,2.506165
1.971000,0.091417,2.521932
1.972000,0.090370,2.546696
1.973000,0.089011,2.504221
1.974000,0.088791,2.543842
1.975000,0.084134,2.519510
1.976000,0.089693,2.533272
1.977000,0.083298,2.511677
1.978000,0.091386,2.516743
1.979000,0.088933,2.486071
1.980000,0.091344,2.524337
1.981000,0.087731,2.500135
1.982000,0.093073,2.516670
1.983000,0.086723,2.493438
1.984000,0.088355,2.532668
1.985000,0.089231,2.491426
1.986000,0.090728,2.523303
1.987000,0.092689,2.526200
1.988000,0.086716,2.516472
1.989000,0.087526,2.520463
1.990000,0.088758,2.500157
1.991000,0.092116,2.521971
1.992000,0.090239,2.515531
1.993000,0.083194,2.534069
1.994000,0.092163,2.517976
1.995000,0.088508,2.527475
1.996000,0.091299,2.511554
1.997000,0.089426,2.507091
1.998000,0.085624,2.536802
1.999000,0.092103,2.513111
