# time_s,loadcell_V
0.000000,0.087898
0.001000,0.089965
0.002000,0.088272
0.003000,0.094865
0.004000,0.086174
0.005000,0.091913
0.006000,0.092275
0.007000,0.088936
0.008000,0.088055
0.009000,0.090183
0.010000,0.084472
0.011000,0.085887
0.012000,0.090168
0.013000,0.095098
0.014000,0.090861
0.015000,0.091115
0.016000,0.085133
0.017000,0.091013
0.018000,0.088606
0.019000,0.088450
0.020000,0.095149
0.021000,0.089878
0.022000,0.086351
0.023000,0.083159
0.024000,0.088566
0.025000,0.090230
0.026000,0.088277
0.027000,0.087608
0.028000,0.086667
0.029000,0.090035
0.030000,0.084480
0.031000,0.088730
0.032000,0.089076
0.033000,0.091455
0.034000,0.089701
0.035000,0.087649
0.036000,0.087752
0.037000,0.085751
0.038000,0.087394
0.039000,0.093526
0.040000,0.083986
0.041000,0.089565
0.042000,0.091815
0.043000,0.087309
0.044000,0.088191
0.045000,0.088202
0.046000,0.090278
0.047000,0.089344
0.048000,0.092733
0.049000,0.091474
0.050000,0.090256
0.051000,0.093056
0.052000,0.090935
0.053000,0.089169
0.054000,0.096002
0.055000,0.098292
0.056000,0.091334
0.057000,0.089673
0.058000,0.091104
0.059000,0.091118
0.060000,0.086871
0.061000,0.089519
0.062000,0.083573
0.063000,0.093418
0.064000,0.091058
0.065000,0.090769
0.066000,0.091582
0.067000,0.084408
0.068000,0.098080
0.069000,0.089512
0.070000,0.085669
0.071000,0.085205
0.072000,0.089860
0.073000,0.090463
0.074000,0.087963
0.075000,0.092252
0.076000,0.091898
0.077000,0.087916
0.078000,0.086661
0.079000,0.083721
0.080000,0.088487
0.081000,0.090686
0.082000,0.089042
0.083000,0.088108
0.084000,0.091835
0.085000,0.090418
0.086000,0.094438
0.087000,0.085749
0.088000,0.090217
0.089000,0.089031
0.090000,0.088672
0.091000,0.090298
0.092000,0.084112
0.093000,0.091454
0.094000,0.087377
0.095000,0.087710
0.096000,0.087785
0.097000,0.086960
0.098000,0.087703
0.099000,0.093855
0.100000,0.088164
0.101000,0.087973
0.102000,0.090136
0.103000,0.091610
0.104000,0.082647
0.105000,0.095566
0.106000,0.090876
0.107000,0.086245
0.108000,0.090026
0.109000,0.089656
0.110000,0.088126
0.111000,0.092392
0.112000,0.083398
0.113000,0.089060
0.114000,0.086739
0.115000,0.091546
0.116000,0.088172
0.117000,0.086991
0.118000,0.092532
0.119000,0.086417
0.120000,0.086613
0.121000,0.086083
0.122000,0.097650
0.123000,0.090789
0.124000,0.093667
0.125000,0.085829
0.126000,0.087039
0.127000,0.088955
0.128000,0.087160
0.129000,0.087746
0.130000,0.089197
0.131000,0.096424
0.132000,0.083255
0.133000,0.086340
0.134000,0.087212
0.135000,0.091751
0.136000,0.087768
0.137000,0.090735
0.138000,0.095215
0.139000,0.087664
0.140000,0.091004
0.141000,0.092838
0.142000,0.087141
0.143000,0.092688
0.144000,0.081595
0.145000,0.083925
0.146000,0.090496
0.147000,0.085329
0.148000,0.092070
0.149000,0.090024
0.150000,0.092896
0.151000,0.085852
0.152000,0.093821
0.153000,0.087538
0.154000,0.091108
0.155000,0.089848
0.156000,0.093106
0.157000,0.089793
0.158000,0.091028
0.159000,0.090522
0.160000,0.089109
0.161000,0.090140
0.162000,0.090710
0.163000,0.089019
0.164000,0.089029
0.165000,0.093198
0.166000,0.086604
0.167000,0.092037
0.168000,0.091249
0.169000,0.092961
0.170000,0.089728
0.171000,0.094269
0.172000,0.088519
0.173000,0.087830
0.174000,0.088790
0.175000,0.085727
0.176000,0.091173
0.177000,0.089339
0.178000,0.084990
0.179000,0.087245
0.180000,0.087464
0.181000,0.088001
0.182000,0.083608
0.183000,0.087503
0.184000,0.084764
0.185000,0.094766
0.186000,0.089925
0.187000,0.087934
0.188000,0.083550
0.189000,0.094340
0.190000,0.090641
0.191000,0.089032
0.192000,0.088518
0.193000,0.085622
0.194000,0.087124
0.195000,0.085743
0.196000,0.090696
0.197000,0.089367
0.198000,0.084779
0.199000,0.086803
0.200000,0.087389
0.201000,0.092528
0.202000,0.092830
0.203000,0.089287
0.204000,0.094690
0.205000,0.086888
0.206000,0.089216
0.207000,0.095816
0.208000,0.091409
0.209000,0.094750
0.210000,0.087940
0.211000,0.090327
0.212000,0.087786
0.213000,0.094201
0.214000,0.091126
0.215000,0.087173
0.216000,0.088074
0.217000,0.092716
0.218000,0.089450
0.219000,0.089141
0.220000,0.089418
0.221000,0.085875
0.222000,0.090730
0.223000,0.089334
0.224000,0.090676
0.225000,0.088093
0.226000,0.094492
0.227000,0.091997
0.228000,0.091006
0.229000,0.086614
0.230000,0.088416
0.231000,0.085578
0.232000,0.091957
0.233000,0.089504
0.234000,0.092445
0.235000,0.095074
0.236000,0.086593
0.237000,0.092415
0.238000,0.087239
0.239000,0.093488
0.240000,0.087530
0.241000,0.085832
0.242000,0.088246
0.243000,0.090521
0.244000,0.084338
0.245000,0.084965
0.246000,0.087968
0.247000,0.088156
0.248000,0.087482
0.249000,0.092569
0.250000,0.087516
0.251000,0.093618
0.252000,0.084132
0.253000,0.087877
0.254000,0.088737
0.255000,0.090151
0.256000,0.087884
0.257000,0.088926
0.258000,0.088628
0.259000,0.090498
0.260000,0.088879
0.261000,0.092751
0.262000,0.088772
0.263000,0.095989
0.264000,0.088872
0.265000,0.091807
0.266000,0.087907
0.267000,0.089166
0.268000,0.089844
0.269000,0.084299
0.270000,0.084333
0.271000,0.092472
0.272000,0.086858
0.273000,0.090026
0.274000,0.089982
0.275000,0.089872
0.276000,0.087146
0.277000,0.091147
0.278000,0.085064
0.279000,0.090082
0.280000,0.087824
0.281000,0.089295
0.282000,0.084113
0.283000,0.085646
0.284000,0.090866
0.285000,0.088817
0.286000,0.092616
0.287000,0.090202
0.288000,0.089783
0.289000,0.086411
0.290000,0.090335
0.291000,0.089127
0.292000,0.090067
0.293000,0.090560
0.294000,0.089851
0.295000,0.085003
0.296000,0.091455
0.297000,0.088230
0.298000,0.090793
0.299000,0.086361
0.300000,0.092045
0.301000,0.092159
0.302000,0.093741
0.303000,0.087450
0.304000,0.093030
0.305000,0.090873
0.306000,0.083561
0.307000,0.092709
0.308000,0.090863
0.309000,0.098520
0.310000,0.097074
0.311000,0.094682
0.312000,0.088927
0.313000,0.084135
0.314000,0.092353
0.315000,0.088796
0.316000,0.086826
0.317000,0.087126
0.318000,0.086697
0.319000,0.087395
0.320000,0.089487
0.321000,0.090230
0.322000,0.087901
0.323000,0.089985
0.324000,0.085781
0.325000,0.084613
0.326000,0.090226
0.327000,0.089541
0.328000,0.090083
0.329000,0.089867
0.330000,0.087347
0.331000,0.086076
0.332000,0.092845
0.333000,0.089688
0.334000,0.089711
0.335000,0.085968
0.336000,0.085767
0.337000,0.091574
0.338000,0.085481
0.339000,0.087541
0.340000,0.081960
0.341000,0.083156
0.342000,0.091037
0.343000,0.082583
0.344000,0.085197
0.345000,0.089792
0.346000,0.087642
0.347000,0.093425
0.348000,0.088363
0.349000,0.089068
0.350000,0.091326
0.351000,0.084740
0.352000,0.087861
0.353000,0.087159
0.354000,0.088951
0.355000,0.091187
0.356000,0.092410
0.357000,0.092956
0.358000,0.086683
0.359000,0.090963
0.360000,0.087238
0.361000,0.091389
0.362000,0.084897
0.363000,0.093815
0.364000,0.089853
0.365000,0.092369
0.366000,0.089713
0.367000,0.083286
0.368000,0.090165
0.369000,0.091836
0.370000,0.084580
0.371000,0.087666
0.372000,0.088928
0.373000,0.087438
0.374000,0.089709
0.375000,0.089260
0.376000,0.087112
0.377000,0.085344
0.378000,0.089582
0.379000,0.089684
0.380000,0.090533
0.381000,0.090249
0.382000,0.089715
0.383000,0.091459
0.384000,0.088066
0.385000,0.086342
0.386000,0.088547
0.387000,0.090014
0.388000,0.093553
0.389000,0.087352
0.390000,0.093259
0.391000,0.091882
0.392000,0.085620
0.393000,0.087581
0.394000,0.085634
0.395000,0.090126
0.396000,0.089626
0.397000,0.088697
0.398000,0.092064
0.399000,0.085544
0.400000,0.084437
0.401000,0.088982
0.402000,0.088540
0.403000,0.089078
0.404000,0.088780
0.405000,0.088728
0.406000,0.081437
0.407000,0.090390
0.408000,0.088153
0.409000,0.090077
0.410000,0.090395
0.411000,0.090153
0.412000,0.090749
0.413000,0.089386
0.414000,0.088301
0.415000,0.085373
0.416000,0.091433
0.417000,0.085034
0.418000,0.091605
0.419000,0.087360
0.420000,0.090930
0.421000,0.088506
0.422000,0.094764
0.423000,0.090651
0.424000,0.087387
0.425000,0.094107
0.426000,0.087876
0.427000,0.089873
0.428000,0.092530
0.429000,0.092150
0.430000,0.087432
0.431000,0.087168
0.432000,0.089780
0.433000,0.094170
0.434000,0.094748
0.435000,0.094060
0.436000,0.089930
0.437000,0.084447
0.438000,0.094867
0.439000,0.091278
0.440000,0.089298
0.441000,0.092317
0.442000,0.084873
0.443000,0.093166
0.444000,0.089539
0.445000,0.090782
0.446000,0.085506
0.447000,0.089003
0.448000,0.088349
0.449000,0.090561
0.450000,0.089210
0.451000,0.089461
0.452000,0.093335
0.453000,0.085199
0.454000,0.091702
0.455000,0.088661
0.456000,0.090507
0.457000,0.090885
0.458000,0.092253
0.459000,0.092042
0.460000,0.095240
0.461000,0.090226
0.462000,0.089396
0.463000,0.093579
0.464000,0.088641
0.465000,0.088868
0.466000,0.085560
0.467000,0.087973
0.468000,0.087882
0.469000,0.084233
0.470000,0.087863
0.471000,0.086093
0.472000,0.088415
0.473000,0.088016
0.474000,0.088280
0.475000,0.091310
0.476000,0.090189
0.477000,0.092241
0.478000,0.092176
0.479000,0.089808
0.480000,0.088551
0.481000,0.090444
0.482000,0.092874
0.483000,0.090320
0.484000,0.091797
0.485000,0.089164
0.486000,0.089744
0.487000,0.091600
0.488000,0.091728
0.489000,0.090001
0.490000,0.087706
0.491000,0.087654
0.492000,0.082139
0.493000,0.089302
0.494000,0.087321
0.495000,0.088246
0.496000,0.089762
0.497000,0.089000
0.498000,0.093865
0.499000,0.097442
0.500000,0.085882
0.501000,0.090795
0.502000,0.088042
0.503000,0.082303
0.504000,0.089779
0.505000,0.085815
0.506000,0.086867
0.507000,0.086857
0.508000,0.089567
0.509000,0.086901
0.510000,0.087099
0.511000,0.092233
0.512000,0.084874
0.513000,0.091799
0.514000,0.088817
0.515000,0.086956
0.516000,0.087254
0.517000,0.088010
0.518000,0.089294
0.519000,0.087622
0.520000,0.088370
0.521000,0.090048
0.522000,0.087059
0.523000,0.091876
0.524000,0.089605
0.525000,0.085749
0.526000,0.087647
0.527000,0.087665
0.528000,0.089916
0.529000,0.106661
0.530000,0.187715
0.531000,0.256702
0.532000,0.317145
0.533000,0.358904
0.534000,0.377886
0.535000,0.381944
0.536000,0.364645
0.537000,0.327271
0.538000,0.283789
0.539000,0.209865
0.540000,0.140917
0.541000,0.067790
0.542000,0.002583
0.543000,-0.064754
0.544000,-0.120660
0.545000,-0.151229
0.546000,-0.174295
0.547000,-0.172088
0.548000,-0.156549
0.549000,-0.122886
0.550000,-0.068828
0.551000,-0.014827
0.552000,0.044887
0.553000,0.120342
0.554000,0.180974
0.555000,0.231953
0.556000,0.273965
0.557000,0.307369
0.558000,0.326814
0.559000,0.316757
0.560000,0.304515
0.561000,0.274709
0.562000,0.230971
0.563000,0.178099
0.564000,0.121735
0.565000,0.059717
0.566000,0.004561
0.567000,-0.042669
0.568000,-0.085819
0.569000,-0.105042
0.570000,-0.114588
0.571000,-0.117407
0.572000,-0.098399
0.573000,-0.073848
0.574000,-0.023675
0.575000,0.012174
0.576000,0.062124
0.577000,0.120786
0.578000,0.169146
0.579000,0.208939
0.580000,0.244642
0.581000,0.261343
0.582000,0.276541
0.583000,0.273694
0.584000,0.254784
0.585000,0.232322
0.586000,0.196227
0.587000,0.153871
0.588000,0.110683
0.589000,0.054831
0.590000,0.014585
0.591000,-0.024613
0.592000,-0.047512
0.593000,-0.066163
0.594000,-0.071032
0.595000,-0.074856
0.596000,-0.055622
0.597000,-0.035726
0.598000,0.004075
0.599000,0.041543
0.600000,0.077281
0.601000,0.122814
0.602000,0.158796
0.603000,0.192549
0.604000,0.213858
0.605000,0.232144
0.606000,0.237669
0.607000,0.232504
0.608000,0.217991
0.609000,0.193410
0.610000,0.167729
0.611000,0.127054
0.612000,0.095017
0.613000,0.058585
0.614000,0.027439
0.615000,0.000140
0.616000,-0.024817
0.617000,-0.036909
0.618000,-0.045237
0.619000,-0.039450
0.620000,-0.023965
0.621000,0.002995
0.622000,0.022097
0.623000,0.062325
0.624000,0.085571
0.625000,0.119157
0.626000,0.146846
0.627000,0.176219
0.628000,0.193182
0.629000,0.202772
0.630000,0.206528
0.631000,0.202191
0.632000,0.183265
0.633000,0.164876
0.634000,0.150596
0.635000,0.111360
0.636000,0.095788
0.637000,0.057556
0.638000,0.034784
0.639000,0.014235
0.640000,-0.005751
0.641000,-0.017205
0.642000,-0.016403
0.643000,-0.011437
0.644000,0.009686
0.645000,0.020321
0.646000,0.040911
0.647000,0.065270
0.648000,0.093808
0.649000,0.114806
0.650000,0.144244
0.651000,0.156382
0.652000,0.176860
0.653000,0.180915
0.654000,0.186448
0.655000,0.169247
0.656000,0.167809
0.657000,0.148238
0.658000,0.135705
0.659000,0.104819
0.660000,0.088030
0.661000,0.064181
0.662000,0.046787
0.663000,0.025509
0.664000,0.011430
0.665000,0.006839
0.666000,0.008841
0.667000,0.014416
0.668000,0.024349
0.669000,0.036550
0.670000,0.053566
0.671000,0.077749
0.672000,0.096804
0.673000,0.118345
0.674000,0.130447
0.675000,0.147979
0.676000,0.157413
0.677000,0.164638
0.678000,0.155947
0.679000,0.156701
0.680000,0.147695
0.681000,0.134727
0.682000,0.118862
0.683000,0.101631
0.684000,0.082322
0.685000,0.060722
0.686000,0.045364
0.687000,0.037543
0.688000,0.024196
0.689000,0.023846
0.690000,0.025056
0.691000,0.032029
0.692000,0.037327
0.693000,0.048694
0.694000,0.064156
0.695000,0.083787
0.696000,0.094875
0.697000,0.110212
0.698000,0.124567
0.699000,0.130177
0.700000,0.140321
0.701000,0.145868
0.702000,0.146395
0.703000,0.143066
0.704000,0.139801
0.705000,0.125179
0.706000,0.110572
0.707000,0.093317
0.708000,0.074369
0.709000,0.059939
0.710000,0.054582
0.711000,0.047029
0.712000,0.036070
0.713000,0.033380
0.714000,0.036776
0.715000,0.039746
0.716000,0.054779
0.717000,0.057784
0.718000,0.072915
0.719000,0.082174
0.720000,0.096071
0.721000,0.105945
0.722000,0.115310
0.723000,0.123004
0.724000,0.133993
0.725000,0.134968
0.726000,0.133737
0.727000,0.126138
0.728000,0.125749
0.729000,0.111578
0.730000,0.108555
0.731000,0.091707
0.732000,0.082704
0.733000,0.068803
0.734000,0.068214
0.735000,0.053736
0.736000,0.050268
0.737000,0.049257
0.738000,0.049841
0.739000,0.054155
0.740000,0.060886
0.741000,0.066605
0.742000,0.082903
0.743000,0.087389
0.744000,0.097148
0.745000,0.105197
0.746000,0.112145
0.747000,0.124367
0.748000,0.124384
0.749000,0.123028
0.750000,0.126128
0.751000,0.122612
0.752000,0.113788
0.753000,0.104223
0.754000,0.099548
0.755000,0.087890
0.756000,0.083931
0.757000,0.076338
0.758000,0.068649
0.759000,0.062935
0.760000,0.052682
0.761000,0.057612
0.762000,0.060115
0.763000,0.061553
0.764000,0.065114
0.765000,0.075614
0.766000,0.084709
0.767000,0.093049
0.768000,0.093706
0.769000,0.102685
0.770000,0.111261
0.771000,0.113287
0.772000,0.121631
0.773000,0.118792
0.774000,0.115295
0.775000,0.120491
0.776000,0.111264
0.777000,0.102487
0.778000,0.095038
0.779000,0.089594
0.780000,0.075873
0.781000,0.079430
0.782000,0.068112
0.783000,0.066727
0.784000,0.065012
0.785000,0.061630
0.786000,0.064349
0.787000,0.070443
0.788000,0.075073
0.789000,0.071341
0.790000,0.085596
0.791000,0.092748
0.792000,0.099912
0.793000,0.106526
0.794000,0.106468
0.795000,0.112144
0.796000,0.114360
0.797000,0.108850
0.798000,0.110410
0.799000,0.107307
0.800000,0.103142
0.801000,0.097978
0.802000,0.096713
0.803000,0.090488
0.804000,0.082900
0.805000,0.077139
0.806000,0.074960
0.807000,0.070318
0.808000,0.063673
0.809000,0.073209
0.810000,0.071868
0.811000,0.072975
0.812000,0.077830
0.813000,0.080742
0.814000,0.084781
0.815000,0.097669
0.816000,0.095659
0.817000,0.101316
0.818000,0.105893
0.819000,0.101648
0.820000,0.106507
0.821000,0.107081
0.822000,0.111224
0.823000,0.109640
0.824000,0.101280
0.825000,0.091075
0.826000,0.094731
0.827000,0.085744
0.828000,0.086367
0.829000,0.075559
0.830000,0.074972
0.831000,0.078475
0.832000,0.072403
0.833000,0.072792
0.834000,0.069697
0.835000,0.069820
0.836000,0.081268
0.837000,0.082823
0.838000,0.084089
0.839000,0.098563
0.840000,0.091737
0.841000,0.099488
0.842000,0.102096
0.843000,0.098511
0.844000,0.106854
0.845000,0.096521
0.846000,0.102783
0.847000,0.094968
0.848000,0.093737
0.849000,0.090566
0.850000,0.091137
0.851000,0.086873
0.852000,0.084518
0.853000,0.077759
0.854000,0.078886
0.855000,0.078124
0.856000,0.078654
0.857000,0.078936
0.858000,0.081382
0.859000,0.079831
0.860000,0.081065
0.861000,0.086250
0.862000,0.089205
0.863000,0.094056
0.864000,0.094799
0.865000,0.098101
0.866000,0.100298
0.867000,0.098656
0.868000,0.096800
0.869000,0.098769
0.870000,0.094048
0.871000,0.095550
0.872000,0.089985
0.873000,0.090792
0.874000,0.092007
0.875000,0.087403
0.876000,0.084997
0.877000,0.082524
0.878000,0.080568
0.879000,0.077686
0.880000,0.075502
0.881000,0.084744
0.882000,0.082896
0.883000,0.082151
0.884000,0.086588
0.885000,0.089157
0.886000,0.092573
0.887000,0.092603
0.888000,0.096382
0.889000,0.094476
0.890000,0.091001
0.891000,0.092167
0.892000,0.095881
0.893000,0.096924
0.894000,0.097098
0.895000,0.096672
0.896000,0.096012
0.897000,0.092394
0.898000,0.090692
0.899000,0.087924
0.900000,0.082413
0.901000,0.083945
0.902000,0.083050
0.903000,0.082070
0.904000,0.082204
0.905000,0.077711
0.906000,0.083868
0.907000,0.082737
0.908000,0.086283
0.909000,0.082374
0.910000,0.090784
0.911000,0.095966
0.912000,0.100199
0.913000,0.099135
0.914000,0.093706
0.915000,0.089473
0.916000,0.093836
0.917000,0.091873
0.918000,0.093225
0.919000,0.091515
0.920000,0.084941
0.921000,0.090559
0.922000,0.093397
0.923000,0.085976
0.924000,0.083688
0.925000,0.087258
0.926000,0.082391
0.927000,0.087718
0.928000,0.086758
0.929000,0.083578
0.930000,0.082330
0.931000,0.083003
0.932000,0.091317
0.933000,0.090706
0.934000,0.094107
0.935000,0.093842
0.936000,0.085629
0.937000,0.091803
0.938000,0.096985
0.939000,0.096005
0.940000,0.093816
0.941000,0.093664
0.942000,0.092550
0.943000,0.093648
0.944000,0.094556
0.945000,0.087336
0.946000,0.089264
0.947000,0.089663
0.948000,0.080149
0.949000,0.083407
0.950000,0.082680
0.951000,0.087678
0.952000,0.082088
0.953000,0.086949
0.954000,0.090135
0.955000,0.089481
0.956000,0.091021
0.957000,0.087561
0.958000,0.089158
0.959000,0.090839
0.960000,0.091143
0.961000,0.092549
0.962000,0.095033
0.963000,0.095099
0.964000,0.099147
0.965000,0.093857
0.966000,0.091915
0.967000,0.093130
0.968000,0.094870
0.969000,0.089532
0.970000,0.085417
0.971000,0.079586
0.972000,0.081327
0.973000,0.082419
0.974000,0.083536
0.975000,0.087566
0.976000,0.086520
0.977000,0.084354
0.978000,0.087402
0.979000,0.090716
0.980000,0.091663
0.981000,0.087636
0.982000,0.092572
0.983000,0.093427
0.984000,0.091592
0.985000,0.092393
0.986000,0.094528
0.987000,0.093519
0.988000,0.096537
0.989000,0.092400
0.990000,0.092951
0.991000,0.095372
0.992000,0.094302
0.993000,0.088401
0.994000,0.086716
0.995000,0.086056
0.996000,0.082015
0.997000,0.089633
0.998000,0.086494
0.999000,0.086303
1.000000,0.088528
1.001000,0.092978
1.002000,0.083871
1.003000,0.087979
1.004000,0.088009
1.005000,0.086636
1.006000,0.084441
1.007000,0.093029
1.008000,0.088881
1.009000,0.093502
1.010000,0.090068
1.011000,0.090239
1.012000,0.091516
1.013000,0.092001
1.014000,0.092071
1.015000,0.090632
1.016000,0.086620
1.017000,0.084491
1.018000,0.084897
1.019000,0.088281
1.020000,0.085408
1.021000,0.090406
1.022000,0.086999
1.023000,0.091014
1.024000,0.083444
1.025000,0.085629
1.026000,0.083126
1.027000,0.088099
1.028000,0.090341
1.029000,0.089443
1.030000,0.090026
1.031000,0.089265
1.032000,0.084595
1.033000,0.091615
1.034000,0.094067
1.035000,0.088811
1.036000,0.098012
1.037000,0.092800
1.038000,0.087360
1.039000,0.089069
1.040000,0.089485
1.041000,0.090999
1.042000,0.090372
1.043000,0.086651
1.044000,0.086810
1.045000,0.087828
1.046000,0.087099
1.047000,0.090713
1.048000,0.088285
1.049000,0.092266
1.050000,0.082942
1.051000,0.086305
1.052000,0.088526
1.053000,0.085959
1.054000,0.087260
1.055000,0.093642
1.056000,0.095787
1.057000,0.091852
1.058000,0.088469
1.059000,0.094678
1.060000,0.089166
1.061000,0.087882
1.062000,0.085232
1.063000,0.091834
1.064000,0.092473
1.065000,0.088989
1.066000,0.090735
1.067000,0.084511
1.068000,0.083996
1.069000,0.089989
1.070000,0.086685
1.071000,0.089581
1.072000,0.086337
1.073000,0.085822
1.074000,0.086927
1.075000,0.088149
1.076000,0.087018
1.077000,0.089128
1.078000,0.088536
1.079000,0.091372
1.080000,0.095467
1.081000,0.090832
1.082000,0.083949
1.083000,0.090142
1.084000,0.097217
1.085000,0.091091
1.086000,0.088161
1.087000,0.088421
1.088000,0.089097
1.089000,0.084647
1.090000,0.087758
1.091000,0.086710
1.092000,0.088394
1.093000,0.088111
1.094000,0.086251
1.095000,0.088378
1.096000,0.091736
1.097000,0.084212
1.098000,0.089395
1.099000,0.091580
1.100000,0.089153
1.101000,0.083955
1.102000,0.092811
1.103000,0.087146
1.104000,0.088983
1.105000,0.089056
1.106000,0.091624
1.107000,0.086574
1.108000,0.084470
1.109000,0.094173
1.110000,0.092250
1.111000,0.087957
1.112000,0.086931
1.113000,0.088630
1.114000,0.090665
1.115000,0.085991
1.116000,0.088990
1.117000,0.087399
1.118000,0.085570
1.119000,0.093541
1.120000,0.090099
1.121000,0.089246
1.122000,0.089208
1.123000,0.085276
1.124000,0.092290
1.125000,0.092920
1.126000,0.088852
1.127000,0.088513
1.128000,0.095081
1.129000,0.085638
1.130000,0.088964
1.131000,0.090998
1.132000,0.092829
1.133000,0.089668
1.134000,0.087433
1.135000,0.086869
1.136000,0.085163
1.137000,0.087718
1.138000,0.087876
1.139000,0.087646
1.140000,0.091654
1.141000,0.089924
1.142000,0.085992
1.143000,0.090377
1.144000,0.084766
1.145000,0.090491
1.146000,0.083496
1.147000,0.087420
1.148000,0.095003
1.149000,0.090269
1.150000,0.079646
1.151000,0.096045
1.152000,0.094162
1.153000,0.090182
1.154000,0.087944
1.155000,0.092508
1.156000,0.089183
1.157000,0.088105
1.158000,0.083878
1.159000,0.082352
1.160000,0.087101
1.161000,0.084765
1.162000,0.086403
1.163000,0.089081
1.164000,0.086017
1.165000,0.086892
1.166000,0.084876
1.167000,0.086431
1.168000,0.090941
1.169000,0.088223
1.170000,0.092483
1.171000,0.089369
1.172000,0.083904
1.173000,0.082989
1.174000,0.090659
1.175000,0.093887
1.176000,0.088816
1.177000,0.087102
1.178000,0.096207
1.179000,0.092865
1.180000,0.090047
1.181000,0.092220
1.182000,0.090550
1.183000,0.089066
1.184000,0.089637
1.185000,0.093872
1.186000,0.086087
1.187000,0.088816
1.188000,0.087651
1.189000,0.077232
1.190000,0.091026
1.191000,0.091486
1.192000,0.091817
1.193000,0.093346
1.194000,0.084511
1.195000,0.087947
1.196000,0.092392
1.197000,0.089868
1.198000,0.092368
1.199000,0.092377
1.200000,0.085438
1.201000,0.088000
1.202000,0.091996
1.203000,0.089583
1.204000,0.090592
1.205000,0.089281
1.206000,0.086518
1.207000,0.090440
1.208000,0.084965
1.209000,0.086209
1.210000,0.086113
1.211000,0.088957
1.212000,0.086093
1.213000,0.092793
1.214000,0.084221
1.215000,0.086160
1.216000,0.088242
1.217000,0.086382
1.218000,0.090694
1.219000,0.093803
1.220000,0.092131
1.221000,0.089443
1.222000,0.085256
1.223000,0.090254
1.224000,0.090745
1.225000,0.090966
1.226000,0.096122
1.227000,0.086967
1.228000,0.093520
1.229000,0.085607
1.230000,0.086408
1.231000,0.092793
1.232000,0.087502
1.233000,0.095605
1.234000,0.090646
1.235000,0.091344
1.236000,0.089922
1.237000,0.092157
1.238000,0.090328
1.239000,0.087218
1.240000,0.086251
1.241000,0.086410
1.242000,0.088487
1.243000,0.092686
1.244000,0.088615
1.245000,0.087631
1.246000,0.089249
1.247000,0.089552
1.248000,0.088424
1.249000,0.093453
1.250000,0.090381
1.251000,0.093097
1.252000,0.090723
1.253000,0.091434
1.254000,0.087476
1.255000,0.090506
1.256000,0.094289
1.257000,0.088837
1.258000,0.087717
1.259000,0.089186
1.260000,0.089823
1.261000,0.090771
1.262000,0.089611
1.263000,0.092138
1.264000,0.086052
1.265000,0.088859
1.266000,0.091679
1.267000,0.094726
1.268000,0.087798
1.269000,0.087885
1.270000,0.093259
1.271000,0.090290
1.272000,0.085875
1.273000,0.092153
1.274000,0.090353
1.275000,0.096726
1.276000,0.094576
1.277000,0.088601
1.278000,0.081588
1.279000,0.086612
1.280000,0.083391
1.281000,0.091054
1.282000,0.094926
1.283000,0.088963
1.284000,0.084048
1.285000,0.086411
1.286000,0.092936
1.287000,0.092598
1.288000,0.089847
1.289000,0.091835
1.290000,0.091707
1.291000,0.089180
1.292000,0.090144
1.293000,0.085714
1.294000,0.084744
1.295000,0.092303
1.296000,0.089591
1.297000,0.087411
1.298000,0.082066
1.299000,0.087598
1.300000,0.086419
1.301000,0.092344
1.302000,0.086263
1.303000,0.089873
1.304000,0.092051
1.305000,0.088180
1.306000,0.084749
1.307000,0.087494
1.308000,0.086735
1.309000,0.094247
1.310000,0.089330
1.311000,0.093643
1.312000,0.086421
1.313000,0.089696
1.314000,0.087262
1.315000,0.092257
1.316000,0.090378
1.317000,0.091216
1.318000,0.091223
1.319000,0.088651
1.320000,0.095971
1.321000,0.086452
1.322000,0.084999
1.323000,0.086733
1.324000,0.090402
1.325000,0.088005
1.326000,0.089816
1.327000,0.086978
1.328000,0.088435
1.329000,0.089627
1.330000,0.089737
1.331000,0.090528
1.332000,0.089298
1.333000,0.089936
1.334000,0.088674
1.335000,0.087930
1.336000,0.088275
1.337000,0.082364
1.338000,0.090310
1.339000,0.092971
1.340000,0.092020
1.341000,0.084830
1.342000,0.089646
1.343000,0.092350
1.344000,0.096878
1.345000,0.091108
1.346000,0.091958
1.347000,0.091582
1.348000,0.086383
1.349000,0.090137
1.350000,0.091898
1.351000,0.086761
1.352000,0.088560
1.353000,0.090156
1.354000,0.093452
1.355000,0.094441
1.356000,0.085859
1.357000,0.095354
1.358000,0.090006
1.359000,0.089322
1.360000,0.086106
1.361000,0.093078
1.362000,0.088732
1.363000,0.091896
1.364000,0.090421
1.365000,0.088171
1.366000,0.086673
1.367000,0.084768
1.368000,0.092051
1.369000,0.091719
1.370000,0.089611
1.371000,0.094239
1.372000,0.092950
1.373000,0.088480
1.374000,0.087551
1.375000,0.083145
1.376000,0.088556
1.377000,0.087762
1.378000,0.085745
1.379000,0.087079
1.380000,0.090962
1.381000,0.093533
1.382000,0.088523
1.383000,0.089259
1.384000,0.088232
1.385000,0.087832
1.386000,0.092098
1.387000,0.091008
1.388000,0.085883
1.389000,0.090726
1.390000,0.087255
1.391000,0.088202
1.392000,0.085815
1.393000,0.087081
1.394000,0.091374
1.395000,0.087332
1.396000,0.090469
1.397000,0.089679
1.398000,0.091465
1.399000,0.090893
1.400000,0.095405
1.401000,0.086732
1.402000,0.091350
1.403000,0.092967
1.404000,0.087958
1.405000,0.090542
1.406000,0.085689
1.407000,0.093325
1.408000,0.082800
1.409000,0.091500
1.410000,0.088888
1.411000,0.092272
1.412000,0.088513
1.413000,0.093961
1.414000,0.088068
1.415000,0.089990
1.416000,0.086051
1.417000,0.088637
1.418000,0.090342
1.419000,0.092455
1.420000,0.087754
1.421000,0.088423
1.422000,0.095380
1.423000,0.086084
1.424000,0.084025
1.425000,0.088646
1.426000,0.085715
1.427000,0.092852
1.428000,0.080651
1.429000,0.092825
1.430000,0.088780
1.431000,0.086718
1.432000,0.090993
1.433000,0.085302
1.434000,0.090405
1.435000,0.095475
1.436000,0.084997
1.437000,0.087787
1.438000,0.086355
1.439000,0.084749
1.440000,0.085870
1.441000,0.092141
1.442000,0.088528
1.443000,0.089749
1.444000,0.093278
1.445000,0.092497
1.446000,0.089029
1.447000,0.088294
1.448000,0.091800
1.449000,0.088944
1.450000,0.084115
1.451000,0.090178
1.452000,0.091809
1.453000,0.093526
1.454000,0.087437
1.455000,0.090209
1.456000,0.091203
1.457000,0.090202
1.458000,0.089717
1.459000,0.089310
1.460000,0.092631
1.461000,0.084965
1.462000,0.088292
1.463000,0.087326
1.464000,0.087271
1.465000,0.089124
1.466000,0.091449
1.467000,0.094319
1.468000,0.087964
1.469000,0.092455
1.470000,0.089516
1.471000,0.090350
1.472000,0.089261
1.473000,0.088137
1.474000,0.091702
1.475000,0.085179
1.476000,0.089823
1.477000,0.088003
1.478000,0.085182
1.479000,0.085175
1.480000,0.086474
1.481000,0.088062
1.482000,0.085572
1.483000,0.084040
1.484000,0.087827
1.485000,0.085631
1.486000,0.092702
1.487000,0.088581
1.488000,0.093370
1.489000,0.089147
1.490000,0.090723
1.491000,0.088868
1.492000,0.095242
1.493000,0.092449
1.494000,0.091304
1.495000,0.089471
1.496000,0.085494
1.497000,0.082971
1.498000,0.094452
1.499000,0.086598
1.500000,0.089134
1.501000,0.086855
1.502000,0.094930
1.503000,0.089800
1.504000,0.094400
1.505000,0.085246
1.506000,0.087573
1.507000,0.087597
1.508000,0.089080
1.509000,0.091288
1.510000,0.090929
1.511000,0.093545
1.512000,0.097413
1.513000,0.087768
1.514000,0.089952
1.515000,0.087065
1.516000,0.094145
1.517000,0.087979
1.518000,0.086304
1.519000,0.090153
1.520000,0.089026
1.521000,0.087612
1.522000,0.086268
1.523000,0.090763
1.524000,0.089097
1.525000,0.088665
1.526000,0.089564
1.527000,0.089950
1.528000,0.088682
1.529000,0.089122
1.530000,0.089928
1.531000,0.084387
1.532000,0.089819
1.533000,0.087797
1.534000,0.088292
1.535000,0.091006
1.536000,0.085907
1.537000,0.082312
1.538000,0.092871
1.539000,0.085865
1.540000,0.090472
1.541000,0.089377
1.542000,0.083045
1.543000,0.091596
1.544000,0.087195
1.545000,0.087361
1.546000,0.090624
1.547000,0.091160
1.548000,0.085901
1.549000,0.101005
1.550000,0.084586
1.551000,0.084269
1.552000,0.089931
1.553000,0.086240
1.554000,0.092057
1.555000,0.088556
1.556000,0.088907
1.557000,0.089104
1.558000,0.083282
1.559000,0.085865
1.560000,0.087544
1.561000,0.091661
1.562000,0.085399
1.563000,0.094892
1.564000,0.086695
1.565000,0.086612
1.566000,0.089291
1.567000,0.089680
1.568000,0.092323
1.569000,0.092892
1.570000,0.088064
1.571000,0.089571
1.572000,0.093606
1.573000,0.086207
1.574000,0.087401
1.575000,0.090236
1.576000,0.088728
1.577000,0.092469
1.578000,0.092075
1.579000,0.086229
1.580000,0.088742
1.581000,0.091512
1.582000,0.088793
1.583000,0.091913
1.584000,0.084023
1.585000,0.088965
1.586000,0.085082
1.587000,0.088719
1.588000,0.088350
1.589000,0.089543
1.590000,0.092338
1.591000,0.090348
1.592000,0.093398
1.593000,0.088699
1.594000,0.090358
1.595000,0.085692
1.596000,0.083910
1.597000,0.088205
1.598000,0.089125
1.599000,0.082192
1.600000,0.087398
1.601000,0.087750
1.602000,0.087448
1.603000,0.095307
1.604000,0.090082
1.605000,0.086444
1.606000,0.088987
1.607000,0.088908
1.608000,0.090677
1.609000,0.091956
1.610000,0.092187
1.611000,0.087478
1.612000,0.085404
1.613000,0.088955
1.614000,0.086807
1.615000,0.091417
1.616000,0.090289
1.617000,0.086987
1.618000,0.091774
1.619000,0.091212
1.620000,0.087930
1.621000,0.089280
1.622000,0.081684
1.623000,0.089257
1.624000,0.090166
1.625000,0.087162
1.626000,0.093100
1.627000,0.091549
1.628000,0.090128
1.629000,0.092790
1.630000,0.091187
1.631000,0.092466
1.632000,0.087996
1.633000,0.092630
1.634000,0.091324
1.635000,0.091282
1.636000,0.090135
1.637000,0.087174
1.638000,0.088724
1.639000,0.087288
1.640000,0.089380
1.641000,0.090579
1.642000,0.086156
1.643000,0.091984
1.644000,0.093418
1.645000,0.089858
1.646000,0.091593
1.647000,0.089016
1.648000,0.088756
1.649000,0.086025
1.650000,0.089453
1.651000,0.083557
1.652000,0.087225
1.653000,0.090831
1.654000,0.090312
1.655000,0.087081
1.656000,0.089444
1.657000,0.092925
1.658000,0.094547
1.659000,0.090931
1.660000,0.085534
1.661000,0.093327
1.662000,0.087957
1.663000,0.090237
1.664000,0.088712
1.665000,0.086934
1.666000,0.088956
1.667000,0.090350
1.668000,0.090713
1.669000,0.090344
1.670000,0.088531
1.671000,0.088850
1.672000,0.090695
1.673000,0.090968
1.674000,0.087786
1.675000,0.088349
1.676000,0.090259
1.677000,0.086731
1.678000,0.089500
1.679000,0.086993
1.680000,0.093253
1.681000,0.087751
1.682000,0.088537
1.683000,0.085119
1.684000,0.088953
1.685000,0.091040
1.686000,0.087607
1.687000,0.092478
1.688000,0.088707
1.689000,0.091661
1.690000,0.090712
1.691000,0.093585
1.692000,0.090874
1.693000,0.087256
1.694000,0.091877
1.695000,0.090948
1.696000,0.084419
1.697000,0.088006
1.698000,0.083420
1.699000,0.092185
1.700000,0.091860
1.701000,0.090714
1.702000,0.090207
1.703000,0.087123
1.704000,0.084693
1.705000,0.093937
1.706000,0.090777
1.707000,0.086547
1.708000,0.088740
1.709000,0.089028
1.710000,0.079658
1.711000,0.091622
1.712000,0.095073
1.713000,0.090019
1.714000,0.088334
1.715000,0.086885
1.716000,0.087307
1.717000,0.092746
1.718000,0.087577
1.719000,0.090216
1.720000,0.082421
1.721000,0.088058
1.722000,0.086133
1.723000,0.089654
1.724000,0.087767
1.725000,0.090144
1.726000,0.091577
1.727000,0.092594
1.728000,0.088654
1.729000,0.088649
1.730000,0.092142
1.731000,0.092706
1.732000,0.094091
1.733000,0.090400
1.734000,0.093174
1.735000,0.086045
1.736000,0.085446
1.737000,0.086801
1.738000,0.094065
1.739000,0.090720
1.740000,0.085984
1.741000,0.089385
1.742000,0.087265
1.743000,0.094603
1.744000,0.090692
1.745000,0.087347
1.746000,0.085410
1.747000,0.091720
1.748000,0.089139
1.749000,0.086528
1.750000,0.086932
1.751000,0.093906
1.752000,0.087696
1.753000,0.090249
1.754000,0.093223
1.755000,0.083946
1.756000,0.084855
1.757000,0.091694
1.758000,0.093850
1.759000,0.093970
1.760000,0.087006
1.761000,0.091131
1.762000,0.087654
1.763000,0.091030
1.764000,0.092564
1.765000,0.084534
1.766000,0.091228
1.767000,0.093464
1.768000,0.088402
1.769000,0.095516
1.770000,0.088258
1.771000,0.088692
1.772000,0.092186
1.773000,0.086244
1.774000,0.091655
1.775000,0.093998
1.776000,0.088543
1.777000,0.090079
1.778000,0.090944
1.779000,0.091868
1.780000,0.094400
1.781000,0.088914
1.782000,0.089551
1.783000,0.084700
1.784000,0.094264
1.785000,0.089739
1.786000,0.094767
1.787000,0.089566
1.788000,0.091647
1.789000,0.088447
1.790000,0.091150
1.791000,0.089037
1.792000,0.089896
1.793000,0.092830
1.794000,0.088645
1.795000,0.086780
1.796000,0.091687
1.797000,0.086550
1.798000,0.089620
1.799000,0.091088
1.800000,0.087346
1.801000,0.089283
1.802000,0.084133
1.803000,0.087373
1.804000,0.087389
1.805000,0.088597
1.806000,0.089849
1.807000,0.085015
1.808000,0.088298
1.809000,0.087558
1.810000,0.087057
1.811000,0.088224
1.812000,0.089785
1.813000,0.094050
1.814000,0.088795
1.815000,0.092592
1.816000,0.085796
1.817000,0.085638
1.818000,0.088025
1.819000,0.087509
1.820000,0.092638
1.821000,0.091451
1.822000,0.090003
1.823000,0.088194
1.824000,0.090220
1.825000,0.087837
1.826000,0.087025
1.827000,0.090451
1.828000,0.087294
1.829000,0.089914
1.830000,0.086871
1.831000,0.095506
1.832000,0.089309
1.833000,0.088981
1.834000,0.093786
1.835000,0.092106
1.836000,0.094107
1.837000,0.087217
1.838000,0.089106
1.839000,0.086244
1.840000,0.089112
1.841000,0.092238
1.842000,0.084720
1.843000,0.088652
1.844000,0.087619
1.845000,0.091080
1.846000,0.089418
1.847000,0.089666
1.848000,0.082474
1.849000,0.089893
1.850000,0.084230
1.851000,0.092980
1.852000,0.089180
1.853000,0.086446
1.854000,0.090399
1.855000,0.084567
1.856000,0.089945
1.857000,0.085151
1.858000,0.088211
1.859000,0.084445
1.860000,0.093186
1.861000,0.092778
1.862000,0.092680
1.863000,0.092852
1.864000,0.090207
1.865000,0.084203
1.866000,0.091317
1.867000,0.091672
1.868000,0.092209
1.869000,0.087834
1.870000,0.093636
1.871000,0.087386
1.872000,0.090208
1.873000,0.094782
1.874000,0.090883
1.875000,0.085583
1.876000,0.095165
1.877000,0.086182
1.878000,0.089297
1.879000,0.089035
1.880000,0.089172
1.881000,0.093252
1.882000,0.088147
1.883000,0.081937
1.884000,0.093365
1.885000,0.088601
1.886000,0.092389
1.887000,0.087709
1.888000,0.084775
1.889000,0.085027
1.890000,0.087622
1.891000,0.082483
1.892000,0.091419
1.893000,0.088071
1.894000,0.086698
1.895000,0.090901
1.896000,0.094832
1.897000,0.090532
1.898000,0.086750
1.899000,0.087783
1.900000,0.087080
1.901000,0.089626
1.902000,0.088723
1.903000,0.086901
1.904000,0.091975
1.905000,0.091559
1.906000,0.089351
1.907000,0.089183
1.908000,0.088349
1.909000,0.091087
1.910000,0.087558
1.911000,0.084830
1.912000,0.090255
1.913000,0.087192
1.914000,0.091316
1.915000,0.094401
1.916000,0.091119
1.917000,0.089651
1.918000,0.084976
1.919000,0.088893
1.920000,0.091850
1.921000,0.096600
1.922000,0.092120
1.923000,0.092648
1.924000,0.085433
1.925000,0.087867
1.926000,0.085024
1.927000,0.087644
1.928000,0.089959
1.929000,0.090277
1.930000,0.087569
1.931000,0.091014
1.932000,0.087627
1.933000,0.094230
1.934000,0.088470
1.935000,0.089882
1.936000,0.089898
1.937000,0.088714
1.938000,0.091240
1.939000,0.090633
1.940000,0.091479
1.941000,0.088370
1.942000,0.084998
1.943000,0.089527
1.944000,0.086608
1.945000,0.085447
1.946000,0.087843
1.947000,0.089222
1.948000,0.090694
1.949000,0.088046
1.950000,0.087501
1.951000,0.087929
1.952000,0.087592
1.953000,0.091175
1.954000,0.090443
1.955000,0.093364
1.956000,0.094364
1.957000,0.088670
1.958000,0.088212
1.959000,0.087916
1.960000,0.086057
1.961000,0.089191
1.962000,0.086032
1.963000,0.090823
1.964000,0.087230
1.965000,0.093096
1.966000,0.095989
1.967000,0.083087
1.968000,0.088244
1.969000,0.093980
1.970000,0.092240
1.971000,0.082869
1.972000,0.087601
1.973000,0.090756
1.974000,0.084448
1.975000,0.092035
1.976000,0.086608
1.977000,0.086847
1.978000,0.094066
1.979000,0.090356
1.980000,0.087781
1.981000,0.086595
1.982000,0.087486
1.983000,0.090072
1.984000,0.093647
1.985000,0.091502
1.986000,0.088816
1.987000,0.086337
1.988000,0.092710
1.989000,0.088694
1.990000,0.088589
1.991000,0.085109
1.992000,0.087207
1.993000,0.090304
1.994000,0.091256
1.995000,0.084942
1.996000,0.085961
1.997000,0.088710
1.998000,0.088959
1.999000,0.094267
2.000000,0.086810
2.001000,0.086299
2.002000,0.089824
2.003000,0.091146
2.004000,0.089431
2.005000,0.088632
2.006000,0.089502
2.007000,0.091978
2.008000,0.090363
2.009000,0.088015
2.010000,0.087292
2.011000,0.084084
2.012000,0.091146
2.013000,0.086518
2.014000,0.089721
2.015000,0.093346
2.016000,0.090080
2.017000,0.092475
2.018000,0.089524
2.019000,0.087291
2.020000,0.090425
2.021000,0.093211
2.022000,0.082935
2.023000,0.087196
2.024000,0.087272
2.025000,0.088549
2.026000,0.089620
2.027000,0.085442
2.028000,0.088109
2.029000,0.089530
2.030000,0.082989
2.031000,0.087656
2.032000,0.088469
2.033000,0.091527
2.034000,0.091673
2.035000,0.086086
2.036000,0.088629
2.037000,0.088358
2.038000,0.089812
2.039000,0.084963
2.040000,0.094871
2.041000,0.089680
2.042000,0.087819
2.043000,0.085608
2.044000,0.091848
2.045000,0.090672
2.046000,0.093211
2.047000,0.085644
2.048000,0.093283
2.049000,0.091016
2.050000,0.091020
2.051000,0.087962
2.052000,0.090815
2.053000,0.089811
2.054000,0.086458
2.055000,0.094079
2.056000,0.091214
2.057000,0.088264
2.058000,0.087008
2.059000,0.088677
2.060000,0.090631
2.061000,0.091296
2.062000,0.093738
2.063000,0.091091
2.064000,0.085939
2.065000,0.086679
2.066000,0.088452
2.067000,0.086876
2.068000,0.089480
2.069000,0.087608
2.070000,0.087445
2.071000,0.094033
2.072000,0.087444
2.073000,0.087007
2.074000,0.091367
2.075000,0.084551
2.076000,0.088832
2.077000,0.084900
2.078000,0.088805
2.079000,0.093921
2.080000,0.088101
2.081000,0.093060
2.082000,0.090229
2.083000,0.084672
2.084000,0.085437
2.085000,0.089777
2.086000,0.089403
2.087000,0.086186
2.088000,0.091929
2.089000,0.087123
2.090000,0.095452
2.091000,0.091732
2.092000,0.086257
2.093000,0.086660
2.094000,0.087868
2.095000,0.088304
2.096000,0.087906
2.097000,0.087389
2.098000,0.091308
2.099000,0.095340
2.100000,0.092615
2.101000,0.090776
2.102000,0.092753
2.103000,0.092636
2.104000,0.096669
2.105000,0.093657
2.106000,0.089063
2.107000,0.088295
2.108000,0.089060
2.109000,0.093431
2.110000,0.088336
2.111000,0.093306
2.112000,0.087722
2.113000,0.089347
2.114000,0.082229
2.115000,0.091931
2.116000,0.086530
2.117000,0.089083
2.118000,0.092572
2.119000,0.091686
2.120000,0.087433
2.121000,0.090291
2.122000,0.093113
2.123000,0.089609
2.124000,0.089518
2.125000,0.090209
2.126000,0.090130
2.127000,0.090149
2.128000,0.091583
2.129000,0.094243
2.130000,0.086338
2.131000,0.087887
2.132000,0.085987
2.133000,0.084063
2.134000,0.084862
2.135000,0.091123
2.136000,0.090601
2.137000,0.088116
2.138000,0.088597
2.139000,0.087467
2.140000,0.084989
2.141000,0.088976
2.142000,0.087930
2.143000,0.084841
2.144000,0.085706
2.145000,0.092727
2.146000,0.091779
2.147000,0.091294
2.148000,0.093592
2.149000,0.092529
2.150000,0.087814
2.151000,0.091212
2.152000,0.099934
2.153000,0.093794
2.154000,0.092982
2.155000,0.087605
2.156000,0.089903
2.157000,0.093671
2.158000,0.089342
2.159000,0.092018
2.160000,0.087164
2.161000,0.085749
2.162000,0.089894
2.163000,0.086389
2.164000,0.091405
2.165000,0.088117
2.166000,0.089341
2.167000,0.087177
2.168000,0.092847
2.169000,0.089036
2.170000,0.083866
2.171000,0.085317
2.172000,0.092037
2.173000,0.091256
2.174000,0.086228
2.175000,0.087134
2.176000,0.087155
2.177000,0.085748
2.178000,0.090995
2.179000,0.087076
2.180000,0.090505
2.181000,0.090740
2.182000,0.090955
2.183000,0.094147
2.184000,0.087604
2.185000,0.092912
2.186000,0.089633
2.187000,0.088217
2.188000,0.091403
2.189000,0.089444
2.190000,0.089592
2.191000,0.090589
2.192000,0.087457
2.193000,0.089914
2.194000,0.090141
2.195000,0.088726
2.196000,0.099209
2.197000,0.092058
2.198000,0.089808
2.199000,0.085648
2.200000,0.085999
2.201000,0.091007
2.202000,0.093835
2.203000,0.093209
2.204000,0.087146
2.205000,0.088227
2.206000,0.090096
2.207000,0.089334
2.208000,0.085992
2.209000,0.093233
2.210000,0.090875
2.211000,0.089901
2.212000,0.088905
2.213000,0.089225
2.214000,0.082598
2.215000,0.089847
2.216000,0.084932
2.217000,0.089890
2.218000,0.092032
2.219000,0.096489
2.220000,0.089877
2.221000,0.087499
2.222000,0.092985
2.223000,0.092054
2.224000,0.084681
2.225000,0.083605
2.226000,0.090016
2.227000,0.085650
2.228000,0.090372
2.229000,0.090339
2.230000,0.092964
2.231000,0.090323
2.232000,0.090549
2.233000,0.088051
2.234000,0.089130
2.235000,0.088269
2.236000,0.087657
2.237000,0.088596
2.238000,0.088107
2.239000,0.088723
2.240000,0.091415
2.241000,0.088766
2.242000,0.087384
2.243000,0.084583
2.244000,0.087221
2.245000,0.087448
2.246000,0.091387
2.247000,0.082210
2.248000,0.087340
2.249000,0.090244
2.250000,0.093249
2.251000,0.081174
2.252000,0.087392
2.253000,0.087515
2.254000,0.092615
2.255000,0.087720
2.256000,0.089638
2.257000,0.086577
2.258000,0.085546
2.259000,0.085508
2.260000,0.085904
2.261000,0.087301
2.262000,0.091211
2.263000,0.089115
2.264000,0.090312
2.265000,0.086691
2.266000,0.092104
2.267000,0.092528
2.268000,0.086131
2.269000,0.084776
2.270000,0.089815
2.271000,0.088557
2.272000,0.088082
2.273000,0.086301
2.274000,0.086416
2.275000,0.087951
2.276000,0.085121
2.277000,0.088672
2.278000,0.087686
2.279000,0.090245
2.280000,0.090593
2.281000,0.087186
2.282000,0.089331
2.283000,0.087572
2.284000,0.087063
2.285000,0.087654
2.286000,0.087879
2.287000,0.092085
2.288000,0.090218
2.289000,0.090573
2.290000,0.088737
2.291000,0.090187
2.292000,0.091632
2.293000,0.088204
2.294000,0.091350
2.295000,0.087201
2.296000,0.087801
2.297000,0.090864
2.298000,0.092164
2.299000,0.087040
2.300000,0.088181
2.301000,0.090231
2.302000,0.095451
2.303000,0.091479
2.304000,0.089141
2.305000,0.089026
2.306000,0.089013
2.307000,0.086387
2.308000,0.092419
2.309000,0.093233
2.310000,0.090441
2.311000,0.091222
2.312000,0.089229
2.313000,0.090110
2.314000,0.093842
2.315000,0.092691
2.316000,0.089524
2.317000,0.085830
2.318000,0.091636
2.319000,0.088526
2.320000,0.087300
2.321000,0.087691
2.322000,0.088012
2.323000,0.088657
2.324000,0.088874
2.325000,0.089808
2.326000,0.091800
2.327000,0.083987
2.328000,0.088717
2.329000,0.090469
2.330000,0.088281
2.331000,0.086643
2.332000,0.094320
2.333000,0.089059
2.334000,0.088967
2.335000,0.083910
2.336000,0.087587
2.337000,0.087007
2.338000,0.091243
2.339000,0.086983
2.340000,0.089394
2.341000,0.089600
2.342000,0.091792
2.343000,0.088333
2.344000,0.090985
2.345000,0.089378
2.346000,0.085825
2.347000,0.090308
2.348000,0.091982
2.349000,0.094470
2.350000,0.087283
2.351000,0.085206
2.352000,0.092288
2.353000,0.085372
2.354000,0.092030
2.355000,0.085597
2.356000,0.083683
2.357000,0.089428
2.358000,0.084702
2.359000,0.084477
2.360000,0.086715
2.361000,0.089532
2.362000,0.084793
2.363000,0.089004
2.364000,0.089317
2.365000,0.090508
2.366000,0.091603
2.367000,0.087476
2.368000,0.094333
2.369000,0.084097
2.370000,0.090304
2.371000,0.090030
2.372000,0.093002
2.373000,0.088483
2.374000,0.090109
2.375000,0.093798
2.376000,0.086921
2.377000,0.090138
2.378000,0.086733
2.379000,0.087042
2.380000,0.085565
2.381000,0.092233
2.382000,0.091559
2.383000,0.087683
2.384000,0.086699
2.385000,0.083518
2.386000,0.088386
2.387000,0.086721
2.388000,0.095900
2.389000,0.092335
2.390000,0.092583
2.391000,0.093034
2.392000,0.085493
2.393000,0.089290
2.394000,0.092076
2.395000,0.087263
2.396000,0.093130
2.397000,0.087686
2.398000,0.086669
2.399000,0.093575
2.400000,0.088529
2.401000,0.087464
2.402000,0.092408
2.403000,0.095506
2.404000,0.087417
2.405000,0.086850
2.406000,0.087697
2.407000,0.093734
2.408000,0.094227
2.409000,0.094261
2.410000,0.088851
2.411000,0.088103
2.412000,0.089630
2.413000,0.092994
2.414000,0.088086
2.415000,0.088025
2.416000,0.086099
2.417000,0.090892
2.418000,0.092716
2.419000,0.092701
2.420000,0.082738
2.421000,0.089139
2.422000,0.091552
2.423000,0.090244
2.424000,0.091686
2.425000,0.090405
2.426000,0.088239
2.427000,0.089666
2.428000,0.090214
2.429000,0.087830
2.430000,0.093139
2.431000,0.090004
2.432000,0.092802
2.433000,0.092865
2.434000,0.088197
2.435000,0.086197
2.436000,0.086573
2.437000,0.085743
2.438000,0.091502
2.439000,0.089236
2.440000,0.093986
2.441000,0.089187
2.442000,0.091946
2.443000,0.089772
2.444000,0.093093
2.445000,0.089706
2.446000,0.086901
2.447000,0.088808
2.448000,0.084742
2.449000,0.086569
2.450000,0.085421
2.451000,0.089420
2.452000,0.089039
2.453000,0.096912
2.454000,0.093401
2.455000,0.087553
2.456000,0.090291
2.457000,0.088692
2.458000,0.090763
2.459000,0.088804
2.460000,0.090819
2.461000,0.087323
2.462000,0.090657
2.463000,0.089676
2.464000,0.087479
2.465000,0.087919
2.466000,0.092442
2.467000,0.086881
2.468000,0.086942
2.469000,0.088544
2.470000,0.089507
2.471000,0.086454
2.472000,0.090586
2.473000,0.090602
2.474000,0.085828
2.475000,0.083124
2.476000,0.087793
2.477000,0.086603
2.478000,0.090833
2.479000,0.093016
2.480000,0.091843
2.481000,0.093288
2.482000,0.092019
2.483000,0.086401
2.484000,0.090084
2.485000,0.093608
2.486000,0.090133
2.487000,0.085361
2.488000,0.086794
2.489000,0.094947
2.490000,0.090014
2.491000,0.088636
2.492000,0.086809
2.493000,0.083680
2.494000,0.084481
2.495000,0.089442
2.496000,0.087029
2.497000,0.082559
2.498000,0.085207
2.499000,0.081983
2.500000,0.086912
2.501000,0.087418
2.502000,0.088459
2.503000,0.088744
2.504000,0.090030
2.505000,0.088941
2.506000,0.084278
2.507000,0.088034
2.508000,0.086273
2.509000,0.092173
2.510000,0.092227
2.511000,0.090266
2.512000,0.088954
2.513000,0.086533
2.514000,0.086211
2.515000,0.088274
2.516000,0.088301
2.517000,0.087997
2.518000,0.094140
2.519000,0.085652
2.520000,0.088212
2.521000,0.088375
2.522000,0.092521
2.523000,0.091348
2.524000,0.090820
2.525000,0.091499
2.526000,0.085296
2.527000,0.088289
2.528000,0.090775
2.529000,0.082817
2.530000,0.087677
2.531000,0.090973
2.532000,0.088765
2.533000,0.091447
2.534000,0.090933
2.535000,0.090510
2.536000,0.089482
2.537000,0.086794
2.538000,0.088223
2.539000,0.090170
2.540000,0.084413
2.541000,0.085247
2.542000,0.090018
2.543000,0.093758
2.544000,0.095053
2.545000,0.084596
2.546000,0.091445
2.547000,0.084509
2.548000,0.088266
2.549000,0.085517
2.550000,0.094750
2.551000,0.085750
2.552000,0.089322
2.553000,0.090331
2.554000,0.088994
2.555000,0.093663
2.556000,0.087411
2.557000,0.093536
2.558000,0.089579
2.559000,0.087429
2.560000,0.086179
2.561000,0.090307
2.562000,0.087775
2.563000,0.089749
2.564000,0.093066
2.565000,0.090794
2.566000,0.092496
2.567000,0.089294
2.568000,0.092894
2.569000,0.087957
2.570000,0.096735
2.571000,0.090958
2.572000,0.086308
2.573000,0.088685
2.574000,0.085031
2.575000,0.086983
2.576000,0.087276
2.577000,0.087409
2.578000,0.085411
2.579000,0.090014
2.580000,0.086531
2.581000,0.096446
2.582000,0.085991
2.583000,0.092185
2.584000,0.084652
2.585000,0.091694
2.586000,0.090048
2.587000,0.086862
2.588000,0.092048
2.589000,0.089853
2.590000,0.085916
2.591000,0.087633
2.592000,0.088643
2.593000,0.088253
2.594000,0.088365
2.595000,0.086925
2.596000,0.087780
2.597000,0.085960
2.598000,0.090336
2.599000,0.084548
2.600000,0.090650
2.601000,0.088649
2.602000,0.094706
2.603000,0.088796
2.604000,0.089833
2.605000,0.093361
2.606000,0.086805
2.607000,0.095226
2.608000,0.085026
2.609000,0.092055
2.610000,0.088589
2.611000,0.091169
2.612000,0.089046
2.613000,0.090754
2.614000,0.089514
2.615000,0.085327
2.616000,0.090255
2.617000,0.089748
2.618000,0.093948
2.619000,0.088861
2.620000,0.088429
2.621000,0.087033
2.622000,0.086590
2.623000,0.088921
2.624000,0.088535
2.625000,0.090485
2.626000,0.089852
2.627000,0.088646
2.628000,0.089447
2.629000,0.084683
2.630000,0.089631
2.631000,0.085133
2.632000,0.093298
2.633000,0.087147
2.634000,0.091318
2.635000,0.089515
2.636000,0.093291
2.637000,0.091784
2.638000,0.087885
2.639000,0.091363
2.640000,0.088425
2.641000,0.091004
2.642000,0.088737
2.643000,0.087774
2.644000,0.091912
2.645000,0.093854
2.646000,0.091459
2.647000,0.089674
2.648000,0.086594
2.649000,0.084725
2.650000,0.091865
2.651000,0.089477
2.652000,0.092333
2.653000,0.082508
2.654000,0.088662
2.655000,0.087660
2.656000,0.093190
2.657000,0.093257
2.658000,0.085958
2.659000,0.090130
2.660000,0.092122
2.661000,0.089665
2.662000,0.090042
2.663000,0.089800
2.664000,0.091975
2.665000,0.087384
2.666000,0.085590
2.667000,0.088711
2.668000,0.093110
2.669000,0.088298
2.670000,0.085694
2.671000,0.088214
2.672000,0.090844
2.673000,0.090682
2.674000,0.087374
2.675000,0.091809
2.676000,0.090862
2.677000,0.087927
2.678000,0.089398
2.679000,0.090146
2.680000,0.088720
2.681000,0.092644
2.682000,0.090117
2.683000,0.088666
2.684000,0.087601
2.685000,0.091983
2.686000,0.092478
2.687000,0.092249
2.688000,0.093241
2.689000,0.088846
2.690000,0.083683
2.691000,0.089669
2.692000,0.087486
2.693000,0.091351
2.694000,0.094861
2.695000,0.091827
2.696000,0.090237
2.697000,0.086943
2.698000,0.089345
2.699000,0.087179
2.700000,0.090435
2.701000,0.087194
2.702000,0.081842
2.703000,0.084660
2.704000,0.089361
2.705000,0.090134
2.706000,0.085708
2.707000,0.086918
2.708000,0.090065
2.709000,0.090556
2.710000,0.089863
2.711000,0.084123
2.712000,0.085220
2.713000,0.086463
2.714000,0.086362
2.715000,0.093924
2.716000,0.090045
2.717000,0.083788
2.718000,0.088498
2.719000,0.084114
2.720000,0.089020
2.721000,0.089064
2.722000,0.089773
2.723000,0.086499
2.724000,0.088246
2.725000,0.084771
2.726000,0.089440
2.727000,0.088319
2.728000,0.091261
2.729000,0.092239
2.730000,0.087813
2.731000,0.089503
2.732000,0.086859
2.733000,0.091082
2.734000,0.088230
2.735000,0.093007
2.736000,0.087306
2.737000,0.085128
2.738000,0.090133
2.739000,0.090243
2.740000,0.088553
2.741000,0.086776
2.742000,0.093550
2.743000,0.091936
2.744000,0.085020
2.745000,0.086477
2.746000,0.088441
2.747000,0.087399
2.748000,0.091672
2.749000,0.084021
2.750000,0.094781
2.751000,0.084569
2.752000,0.089996
2.753000,0.090155
2.754000,0.088010
2.755000,0.089912
2.756000,0.088352
2.757000,0.085278
2.758000,0.090434
2.759000,0.087125
2.760000,0.089408
2.761000,0.082918
2.762000,0.091232
2.763000,0.090620
2.764000,0.088613
2.765000,0.085949
2.766000,0.085500
2.767000,0.087521
2.768000,0.090279
2.769000,0.085733
2.770000,0.089295
2.771000,0.090734
2.772000,0.082813
2.773000,0.085804
2.774000,0.087218
2.775000,0.085291
2.776000,0.092511
2.777000,0.085972
2.778000,0.087658
2.779000,0.090574
2.780000,0.089609
2.781000,0.094287
2.782000,0.096574
2.783000,0.087868
2.784000,0.086660
2.785000,0.090081
2.786000,0.090937
2.787000,0.088075
2.788000,0.087328
2.789000,0.089362
2.790000,0.090705
2.791000,0.087168
2.792000,0.089498
2.793000,0.093798
2.794000,0.093631
2.795000,0.085113
2.796000,0.089717
2.797000,0.091559
2.798000,0.087806
2.799000,0.089463
2.800000,0.091678
2.801000,0.094031
2.802000,0.089413
2.803000,0.093713
2.804000,0.087937
2.805000,0.093812
2.806000,0.086523
2.807000,0.087418
2.808000,0.097190
2.809000,0.093512
2.810000,0.094116
2.811000,0.088258
2.812000,0.087557
2.813000,0.086703
2.814000,0.086093
2.815000,0.086402
2.816000,0.093286
2.817000,0.093938
2.818000,0.092692
2.819000,0.088767
2.820000,0.093930
2.821000,0.085443
2.822000,0.091590
2.823000,0.095237
2.824000,0.089161
2.825000,0.090429
2.826000,0.088901
2.827000,0.092945
2.828000,0.091347
2.829000,0.087121
2.830000,0.089346
2.831000,0.091305
2.832000,0.085532
2.833000,0.086263
2.834000,0.088971
2.835000,0.094904
2.836000,0.087963
2.837000,0.084213
2.838000,0.087733
2.839000,0.091692
2.840000,0.089745
2.841000,0.086462
2.842000,0.088243
2.843000,0.088824
2.844000,0.088756
2.845000,0.082318
2.846000,0.091769
2.847000,0.093173
2.848000,0.091785
2.849000,0.092856
2.850000,0.085835
2.851000,0.089264
2.852000,0.091326
2.853000,0.088446
2.854000,0.088679
2.855000,0.090165
2.856000,0.090134
2.857000,0.082909
2.858000,0.087630
2.859000,0.084978
2.860000,0.090592
2.861000,0.088230
2.862000,0.089023
2.863000,0.088309
2.864000,0.088833
2.865000,0.087489
2.866000,0.089424
2.867000,0.086045
2.868000,0.087108
2.869000,0.096681
2.870000,0.085704
2.871000,0.083197
2.872000,0.093183
2.873000,0.086285
2.874000,0.090104
2.875000,0.083968
2.876000,0.087796
2.877000,0.092112
2.878000,0.090575
2.879000,0.094320
2.880000,0.089892
2.881000,0.087741
2.882000,0.089512
2.883000,0.089293
2.884000,0.092320
2.885000,0.087994
2.886000,0.088235
2.887000,0.088352
2.888000,0.093511
2.889000,0.089989
2.890000,0.089889
2.891000,0.092846
2.892000,0.088116
2.893000,0.088848
2.894000,0.082455
2.895000,0.090077
2.896000,0.083911
2.897000,0.088979
2.898000,0.090194
2.899000,0.087651
2.900000,0.089221
2.901000,0.089739
2.902000,0.099119
2.903000,0.087406
2.904000,0.092355
2.905000,0.092587
2.906000,0.088045
2.907000,0.088915
2.908000,0.085038
2.909000,0.093833
2.910000,0.085566
2.911000,0.092212
2.912000,0.084777
2.913000,0.090187
2.914000,0.088664
2.915000,0.086047
2.916000,0.088115
2.917000,0.088502
2.918000,0.085754
2.919000,0.090117
2.920000,0.085773
2.921000,0.087053
2.922000,0.090945
2.923000,0.092011
2.924000,0.087974
2.925000,0.089996
2.926000,0.091696
2.927000,0.091903
2.928000,0.084386
2.929000,0.089479
2.930000,0.090597
2.931000,0.085314
2.932000,0.090646
2.933000,0.092427
2.934000,0.091287
2.935000,0.093927
2.936000,0.090448
2.937000,0.095574
2.938000,0.089476
2.939000,0.085135
2.940000,0.088401
2.941000,0.085396
2.942000,0.090065
2.943000,0.088579
2.944000,0.089423
2.945000,0.092707
2.946000,0.087213
2.947000,0.084834
2.948000,0.087508
2.949000,0.091959
2.950000,0.090352
2.951000,0.089195
2.952000,0.087987
2.953000,0.086067
2.954000,0.090671
2.955000,0.089936
2.956000,0.090554
2.957000,0.093733
2.958000,0.093247
2.959000,0.087460
2.960000,0.088210
2.961000,0.095020
2.962000,0.090708
2.963000,0.091482
2.964000,0.087012
2.965000,0.088973
2.966000,0.090970
2.967000,0.086858
2.968000,0.091510
2.969000,0.088869
2.970000,0.088795
2.971000,0.091888
2.972000,0.086884
2.973000,0.093779
2.974000,0.085244
2.975000,0.095528
2.976000,0.085697
2.977000,0.087148
2.978000,0.095248
2.979000,0.090917
2.980000,0.095493
2.981000,0.091139
2.982000,0.083103
2.983000,0.093968
2.984000,0.094586
2.985000,0.089712
2.986000,0.091453
2.987000,0.090954
2.988000,0.090643
2.989000,0.091567
2.990000,0.087659
2.991000,0.089814
2.992000,0.093659
2.993000,0.086942
2.994000,0.090526
2.995000,0.090982
2.996000,0.086364
2.997000,0.089662
2.998000,0.087728
2.999000,0.089022
